5.000e+08,6,1,0,8,0,0,-1.1335,7,7,5,5,8,8,7,7,6,8,2,1,2,1,2,2,1,2,2,56,58,0,40,40,0,40,0,0,40,40,0,40,0,0,40,40,0,40,0,0,40,0,0,40,40,0,40,0,0,40,40,0,40,40,0,40,0,0,0,0,0,40,40,0,24,0,0,40,40,0,0,0,0,24,0,0,40,40,0,0,0,0,40,40,0,40,0,0,134500,127900,82900,121300,65050,65050,134500,134500,76175,134500,75075,75075,134500,134500,76050,121300,65050,65050,134500,75075,75075,134500,134500,76050,121300,65050,65050,134500,134500,76175,134500,127900,94150
5.001e+08,11,1,0,4,0,0,.2104925,7,6,3,3,3,3,2,3,1,1,2,1,1,2,2,2,1,1,1,61,54,0,0,0,0,0,0,0,0,0,0,0,0,0,0,0,0,0,0,0,0,0,0,0,0,0,0,0,0,0,0,0,0,0,0,50,0,0,0,0,0,50,50,0,30,0,0,50,50,0,0,0,0,30,0,0,50,50,0,0,0,0,50,50,0,50,0,0,141600,115500,115500,89850,89850,89850,137400,137400,102600,120600,90150,90150,137400,137400,128700,89850,89850,89850,120600,90150,90150,137400,137400,128700,89850,89850,89850,137400,137400,102600,129000,94200,94200
5.002e+08,9,0,0,7,0,0,-.7417152,1,3,2,4,1,1,3,5,3,3,2,9,2,2,2,2,2,1,2,59,57,0,40,40,0,0,0,0,40,0,0,0,0,0,40,24,0,0,0,0,0,0,0,40,24,0,0,0,0,40,0,0,40,0,0,40,0,0,0,0,0,40,40,0,24,0,0,40,40,0,0,0,0,24,0,0,40,40,0,0,0,0,40,40,0,40,0,0,63500,61750,37750,29100,29100,29100,63500,36500,35275,30500,29275,29275,63500,63500,42150,29100,29100,29100,30500,29275,29275,63500,63500,42150,29100,29100,29100,63500,36500,35275,63500,32100,32100
5.002e+08,9,1,0,6,1,0,-.2478977,1,1,1,1,1,1,1,1,2,2,2,1,2,1,1,1,1,1,1,59,56,0,55,0,0,0,0,0,0,0,0,0,0,0,33,0,0,0,0,0,0,0,0,33,0,0,0,0,0,0,0,0,0,0,0,75,0,0,0,0,0,75,75,0,45,0,0,75,75,0,0,0,0,45,0,0,75,75,0,0,0,0,75,75,0,75,0,0,180000,116500,116500,90500,90500,90500,142000,142000,120750,132500,107000,107000,180000,156250,143500,90500,90500,90500,132500,107000,107000,180000,156250,143500,90500,90500,90500,142000,142000,120750,142000,99500,99500
5.002e+08,6,0,1,7,0,0,.6270073,5,5,5,5,5,5,5,5,7,7,2,2,2,1,2,1,1,1,1,56,57,0,50,50,0,50,0,0,50,50,0,50,0,0,50,50,0,50,0,0,50,0,0,50,50,0,50,0,0,50,50,0,50,50,0,40,0,0,0,0,0,40,40,0,24,0,0,40,40,0,0,0,0,24,0,0,40,40,0,0,0,0,40,40,0,40,0,0,35000,24500,24500,15750,15750,15750,35000,35000,24500,35000,22750,22750,35000,35000,26250,15750,15750,15750,35000,22750,22750,35000,35000,26250,15750,15750,15750,35000,35000,24500,35000,19250,19250
5.002e+08,9,0,0,8,1,0,-1.409835,2,2,4,4,3,1,5,5,6,2,1,2,2,2,1,2,1,2,2,59,58,0,40,40,0,0,0,0,40,0,0,0,0,0,40,24,0,0,0,0,0,0,0,40,24,0,0,0,0,40,0,0,40,0,0,28,0,0,0,0,0,28,28,0,28,0,0,28,28,0,0,0,0,28,0,0,28,28,0,0,0,0,28,28,0,28,0,0,255000,230000,148000,132500,132500,132500,255000,193500,178500,162750,147750,147750,255000,255000,209000,132500,132500,132500,162750,147750,147750,255000,255000,209000,132500,132500,132500,255000,193500,178500,255000,173500,173500
5.003e+08,9,1,0,4,1,0,1.098612,4,5,3,3,1,1,4,8,2,2,2,2,2,2,2,2,2,9,2,59,54,0,50,0,0,0,0,0,0,0,0,0,0,0,30,0,0,0,0,0,0,0,0,30,0,0,0,0,0,0,0,0,0,0,0,60,0,0,0,0,0,60,60,0,36,0,0,60,60,0,0,0,0,36,0,0,60,60,0,0,0,0,60,60,0,60,0,0,110000,77000,77000,66000,66000,66000,110000,110000,71500,110000,60500,60500,110000,110000,99000,66000,66000,66000,110000,60500,60500,110000,110000,99000,66000,66000,66000,110000,110000,71500,110000,55000,55000
5.003e+08,8,0,0,6,0,0,-.3056198,1,1,1,1,9,5,1,1,10,10,2,1,2,1,1,1,1,1,1,58,56,0,60,60,0,0,0,0,60,0,0,0,0,0,60,36,0,0,0,0,0,0,0,60,36,0,0,0,0,60,0,0,60,0,0,30,0,0,0,0,0,30,30,0,30,0,0,30,30,0,0,0,0,30,0,0,30,30,0,0,0,0,30,30,0,30,0,0,49000,43900,32700,19600,19600,19600,49000,39400,36000,34600,29500,29500,49000,49000,37700,19600,19600,19600,34600,29500,29500,49000,49000,37700,19600,19600,19600,49000,39400,36000,49000,28550,28550
5.003e+08,8,0,0,4,0,0,-2.203912,1,7,8,8,99,99,4,10,10,10,2,1,2,2,2,2,2,2,1,58,54,0,55,0,0,0,0,0,0,0,0,0,0,0,33,0,0,0,0,0,0,0,0,33,0,0,0,0,0,0,0,0,0,0,0,32,0,0,0,0,0,32,32,0,32,0,0,32,32,0,0,0,0,32,0,0,32,32,0,0,0,0,32,32,0,32,0,0,55000,30250,30250,22000,22000,22000,55000,55000,38500,55000,35750,35750,55000,55000,44000,22000,22000,22000,55000,35750,35750,55000,55000,44000,22000,22000,22000,55000,55000,38500,55000,30250,30250
5.004e+08,11,0,1,8,0,0,.0835868,6,6,6,7,7,5,5,7,9,6,2,2,2,1,2,2,2,1,2,61,58,0,40,0,0,0,0,0,0,0,0,0,0,0,24,0,0,0,0,0,0,0,0,24,0,0,0,0,0,0,0,0,0,0,0,40,0,0,0,0,0,40,40,0,24,0,0,40,40,0,0,0,0,24,0,0,40,40,0,0,0,0,40,40,0,40,0,0,46000,26500,26500,24100,24100,24100,37600,37600,28800,31600,21700,21700,46000,40000,36700,24100,24100,24100,31600,21700,21700,46000,40000,36700,24100,24100,24100,37600,37600,28800,34000,27400,27400
5.004e+08,8,1,0,8,1,0,-.408804,3,7,4,7,2,2,5,8,5,5,2,1,1,2,2,2,2,2,2,58,58,0,40,40,0,0,0,0,40,0,0,0,0,0,40,24,0,0,0,0,0,0,0,40,24,0,0,0,0,40,0,0,40,0,0,36,0,0,0,0,0,36,36,0,21.6,0,0,36,36,0,0,0,0,21.6,0,0,36,36,0,0,0,0,36,36,0,36,0,0,264000,216000,158400,145200,145200,145200,264000,206400,158400,192000,150000,150000,264000,264000,189600,145200,145200,145200,192000,150000,150000,264000,264000,189600,145200,145200,145200,264000,206400,158400,264000,171600,171600
5.004e+08,8,0,0,12,1,0,-.1743534,5,5,5,5,7,7,10,10,5,5,2,2,2,1,9,1,1,1,1,58,62,0,40,40,0,40,40,0,40,40,0,40,40,0,40,40,0,40,40,0,40,40,0,40,40,0,40,40,0,40,40,0,40,40,0,40,0,0,0,0,0,40,40,0,24,0,0,40,40,0,0,0,0,24,0,0,40,40,0,0,0,0,40,40,0,40,0,0,90500,56900,53650,52700,52700,50100,90500,90500,58500,90500,61100,57850,90500,90500,61400,52700,52700,50100,90500,61100,57850,90500,90500,61400,52700,52700,50100,90500,90500,58500,90500,52700,48800
5.005e+08,8,0,1,3,0,0,-.4675482,8,6,6,3,9,1,4,6,6,8,2,2,2,2,1,1,2,2,2,58,53,0,40,0,0,0,0,0,0,0,0,0,0,0,24,0,0,0,0,0,0,0,0,24,0,0,0,0,0,0,0,0,0,0,0,15,0,0,0,0,0,15,15,0,15,0,0,15,15,0,0,0,0,15,0,0,15,15,0,0,0,0,15,15,0,15,0,0,57000,39300,39300,32400,32400,32400,39000,39000,36000,34500,30900,30900,57000,39000,36600,32400,32400,32400,34500,30900,30900,57000,39000,36600,32400,32400,32400,39000,39000,36000,43500,38700,38700
5.005e+08,7,1,0,1,0,1,.1713925,6,7,4,4,8,8,5,5,6,9,2,1,1,1,1,1,2,2,2,57,51,0,0,0,0,0,0,0,0,0,0,0,0,0,0,0,0,0,0,0,0,0,0,0,0,0,0,0,0,0,0,0,0,0,0,35,0,0,0,0,0,35,35,0,35,0,0,35,35,0,0,0,0,35,0,0,35,35,0,0,0,0,35,35,0,35,0,0,142400,118400,118400,67200,67200,67200,130700,130700,98700,126800,86800,86800,126800,126800,114800,67200,67200,67200,126800,86800,86800,126800,126800,114800,67200,67200,67200,130700,130700,98700,119000,87000,87000
5.005e+08,11,0,0,4,0,0,-1.250618,8,8,2,2,4,8,4,9,4,8,2,2,2,2,2,2,2,9,2,61,54,0,0,0,0,0,0,0,0,0,0,0,0,0,0,0,0,0,0,0,0,0,0,0,0,0,0,0,0,0,0,0,0,0,0,40,0,0,0,0,0,40,40,0,24,0,0,40,40,0,0,0,0,24,0,0,40,40,0,0,0,0,40,40,0,40,0,0,30000,15000,15000,15000,15000,15000,30000,30000,22500,30000,21000,21000,30000,30000,25500,15000,15000,15000,30000,21000,21000,30000,30000,25500,15000,15000,15000,30000,30000,22500,30000,15000,15000
5.008e+08,9,1,0,7,1,0,1.098612,3,3,1,1,6,6,3,5,4,7,2,2,2,1,1,1,1,2,1,59,57,0,40,40,0,0,0,0,40,0,0,0,0,0,40,24,0,0,0,0,0,0,0,40,24,0,0,0,0,40,0,0,40,0,0,40,0,0,0,0,0,40,40,0,24,0,0,40,40,0,0,0,0,24,0,0,40,40,0,0,0,0,40,40,0,40,0,0,92000,70300,62800,49000,49000,49000,92000,81500,69100,74000,49200,49200,92000,92000,75300,49000,49000,49000,74000,49200,49200,92000,92000,75300,49000,49000,49000,92000,81500,69100,92000,58400,58400
5.008e+08,8,0,0,6,0,0,-.074108,3,8,6,3,3,6,4,7,3,8,2,1,1,1,1,1,1,1,1,58,56,0,40,40,0,0,0,0,40,0,0,0,0,0,40,24,0,0,0,0,0,0,0,40,24,0,0,0,0,40,0,0,40,0,0,40,0,0,0,0,0,40,40,0,24,0,0,40,40,0,0,0,0,24,0,0,40,40,0,0,0,0,40,40,0,40,0,0,135000,115750,99750,70000,70000,70000,135000,111000,94500,91000,66250,66250,135000,135000,109500,70000,70000,70000,91000,66250,66250,135000,135000,109500,70000,70000,70000,135000,111000,94500,135000,79750,79750
5.008e+08,7,1,0,1,0,0,-.3242802,5,5,5,5,5,10,1,3,8,10,2,1,2,1,1,1,1,1,1,57,51,0,0,0,0,0,0,0,0,0,0,0,0,0,0,0,0,0,0,0,0,0,0,0,0,0,0,0,0,0,0,0,0,0,0,36,0,0,0,0,0,36,36,0,21.6,0,0,36,36,0,0,0,0,21.6,0,0,36,36,0,0,0,0,36,36,0,36,0,0,139250,116050,116050,81900,81900,81900,126750,126750,103550,114250,91050,91050,139250,139250,124750,81900,81900,81900,114250,91050,91050,139250,139250,124750,81900,81900,81900,126750,126750,103550,120500,94400,94400
5.009e+08,12,1,0,9,0,0,-.8846853,3,3,5,5,5,2,5,2,5,2,1,2,1,2,2,2,2,1,2,62,59,0,40,0,0,0,0,0,0,0,0,0,0,0,24,0,0,0,0,0,0,0,0,24,0,0,0,0,0,0,0,0,0,0,0,20,0,0,0,0,0,20,20,0,20,0,0,20,20,0,0,0,0,20,0,0,20,20,0,0,0,0,20,20,0,20,0,0,125000,81250,81250,74000,74000,74000,77750,77750,72750,83000,75000,75000,125000,104000,100000,74000,74000,74000,83000,75000,75000,125000,104000,100000,74000,74000,74000,77750,77750,72750,77750,68750,68750
5.009e+08,8,0,0,3,0,0,-.8303921,8,5,1,1,7,1,5,2,4,3,1,1,1,9,2,2,2,2,2,58,53,0,65,0,0,0,0,0,0,0,0,0,0,0,39,0,0,0,0,0,0,0,0,39,0,0,0,0,0,0,0,0,0,0,0,40,0,0,0,0,0,40,40,0,24,0,0,40,40,0,0,0,0,24,0,0,40,40,0,0,0,0,40,40,0,40,0,0,155000,105500,105500,77500,77500,77500,111250,111250,99250,80000,66500,66500,155000,111250,106750,77500,77500,77500,80000,66500,66500,155000,111250,106750,77500,77500,77500,111250,111250,99250,98750,85250,85250
5.009e+08,10,0,0,8,1,0,.7298769,3,3,1,1,8,8,4,4,6,9,2,2,1,1,1,1,1,1,1,60,58,0,30,30,0,0,0,0,30,0,0,0,0,0,30,30,0,0,0,0,0,0,0,30,30,0,0,0,0,30,0,0,30,0,0,20,0,0,0,0,0,20,20,0,20,0,0,20,20,0,0,0,0,20,0,0,20,20,0,0,0,0,20,20,0,20,0,0,23000,23000,13800,10350,10350,10350,23000,14950,14950,11500,11500,11500,23000,23000,17250,10350,10350,10350,11500,11500,11500,23000,23000,17250,10350,10350,10350,23000,14950,14950,23000,11500,11500
5.009e+08,11,0,0,8,0,0,-.0906544,2,5,4,5,1,1,1,1,1,1,1,1,1,2,2,2,2,1,2,61,58,0,32,0,0,0,0,0,0,0,0,0,0,0,32,0,0,0,0,0,0,0,0,32,0,0,0,0,0,0,0,0,0,0,0,40,0,0,0,0,0,40,40,0,24,0,0,40,40,0,0,0,0,24,0,0,40,40,0,0,0,0,40,40,0,40,0,0,120000,67200,67200,62400,62400,62400,91200,91200,72000,76800,52800,52800,120000,94800,80400,62400,62400,62400,76800,52800,52800,120000,94800,80400,62400,62400,62400,91200,91200,72000,84000,62400,62400
5.010e+08,11,1,1,12,1,0,.9469277,2,2,3,4,2,2,6,6,2,2,2,2,2,1,1,1,1,2,2,61,62,0,40,40,0,40,0,0,40,40,0,40,0,0,40,40,0,40,0,0,40,0,0,40,40,0,40,0,0,40,40,0,40,40,0,40,0,0,0,0,0,40,40,0,24,0,0,40,40,0,0,0,0,24,0,0,40,40,0,0,0,0,40,40,0,40,0,0,124000,86400,75900,81700,68200,68200,124000,124000,83800,124000,69700,69700,124000,124000,94700,81700,68200,68200,124000,69700,69700,124000,124000,94700,81700,68200,68200,124000,124000,83800,124000,95800,83800
5.011e+08,8,0,0,6,0,0,1.098612,7,7,8,9,5,4,3,3,10,10,1,1,1,2,1,1,2,2,2,58,56,0,40,40,0,0,0,0,40,0,0,0,0,0,40,24,0,0,0,0,0,0,0,40,24,0,0,0,0,40,0,0,40,0,0,32,0,0,0,0,0,32,32,0,32,0,0,32,32,0,0,0,0,32,0,0,32,32,0,0,0,0,32,32,0,32,0,0,65000,32500,32500,32500,32500,32500,65000,65000,42250,65000,42250,42250,65000,65000,45500,32500,32500,32500,65000,42250,42250,65000,65000,45500,32500,32500,32500,65000,65000,42250,65000,45500,45500
5.012e+08,11,0,0,10,0,0,.9526584,5,5,5,5,5,5,5,5,5,5,2,2,2,1,2,1,2,1,2,61,60,0,20,20,0,0,0,0,20,0,0,0,0,0,20,20,0,0,0,0,0,0,0,20,20,0,0,0,0,20,0,0,20,0,0,40,0,0,0,0,0,40,40,0,24,0,0,40,40,0,0,0,0,24,0,0,40,40,0,0,0,0,40,40,0,40,0,0,32000,17600,17600,16000,16000,16000,32000,32000,22400,32000,16000,16000,32000,32000,28800,16000,16000,16000,32000,16000,16000,32000,32000,28800,16000,16000,16000,32000,32000,22400,32000,19200,19200
5.012e+08,12,1,0,8,0,0,.5108256,5,5,2,2,1,1,4,7,5,3,2,1,2,2,2,2,2,2,2,62,58,0,20,0,0,0,0,0,0,0,0,0,0,0,20,0,0,0,0,0,0,0,0,20,0,0,0,0,0,0,0,0,0,0,0,32,0,0,0,0,0,32,32,0,32,0,0,32,32,0,0,0,0,32,0,0,32,32,0,0,0,0,32,32,0,32,0,0,80300,52195,52195,33120,33120,33120,70300,70300,58240,68300,41165,41165,80300,75300,66255,33120,33120,33120,68300,41165,41165,80300,75300,66255,33120,33120,33120,70300,70300,58240,70300,49195,49195
5.013e+08,0,0,0,8,0,0,-.6268978,6,8,3,8,3,3,3,8,1,1,2,2,2,1,2,1,2,2,2,50,58,0,60,60,60,60,60,60,60,60,60,60,60,60,60,60,60,60,60,60,60,60,60,60,60,60,60,60,60,60,60,60,60,60,60,40,0,0,0,0,0,40,40,0,24,0,0,40,40,0,0,0,0,24,0,0,40,40,0,0,0,0,40,40,0,40,0,0,93000,82650,82650,82650,82650,82650,93000,93000,88400,93000,86100,86100,93000,93000,88400,82650,82650,82650,93000,86100,86100,93000,93000,88400,82650,82650,82650,93000,93000,88400,93000,81500,81500
5.013e+08,5,1,0,7,1,1,1.098612,5,5,5,5,5,5,5,5,5,5,1,2,1,2,2,2,2,1,1,55,57,0,40,40,0,40,0,0,40,40,0,40,0,0,40,40,0,40,0,0,40,0,0,40,40,0,40,0,0,40,40,0,40,40,0,2,0,0,0,0,0,2,2,0,2,0,0,2,2,0,0,0,0,2,0,0,2,2,0,0,0,0,2,2,0,2,0,0,95000,95000,52250,95000,47500,47500,95000,95000,52250,95000,57000,57000,95000,95000,57000,95000,47500,47500,95000,57000,57000,95000,95000,57000,95000,47500,47500,95000,95000,52250,95000,95000,52250
5.013e+08,8,0,0,8,0,0,.1994383,5,10,3,2,4,8,3,2,6,10,2,2,2,1,2,2,1,2,2,58,58,0,40,40,0,0,0,0,40,0,0,0,0,0,40,24,0,0,0,0,0,0,0,40,24,0,0,0,0,40,0,0,40,0,0,40,0,0,0,0,0,40,40,0,24,0,0,40,40,0,0,0,0,24,0,0,40,40,0,0,0,0,40,40,0,40,0,0,40000,26000,26000,18000,18000,18000,40000,40000,30000,40000,20000,20000,40000,40000,32000,18000,18000,18000,40000,20000,20000,40000,40000,32000,18000,18000,18000,40000,40000,30000,40000,24000,24000
5.014e+08,9,0,0,0,0,0,.9555114,4,8,4,8,4,8,5,7,8,9,1,1,1,1,1,1,1,9,1,59,50,0,0,0,0,0,0,0,0,0,0,0,0,0,0,0,0,0,0,0,0,0,0,0,0,0,0,0,0,0,0,0,0,0,0,50,0,0,0,0,0,50,50,0,30,0,0,50,50,0,0,0,0,30,0,0,50,50,0,0,0,0,50,50,0,50,0,0,124000,88800,88800,73150,73150,73150,110500,110500,79700,108250,77450,77450,119500,119500,106300,73150,73150,73150,108250,77450,77450,119500,119500,106300,73150,73150,73150,110500,110500,79700,112750,86350,86350
5.014e+08,12,1,0,2,1,0,-.7355475,4,1,4,2,2,1,5,5,6,2,1,2,1,2,1,2,2,2,2,62,52,0,0,0,0,0,0,0,0,0,0,0,0,0,0,0,0,0,0,0,0,0,0,0,0,0,0,0,0,0,0,0,0,0,0,40,0,0,0,0,0,40,40,0,24,0,0,40,40,0,0,0,0,24,0,0,40,40,0,0,0,0,40,40,0,40,0,0,113000,78350,78350,57150,57150,57150,104000,104000,77050,101750,63250,63250,113000,113000,105300,57150,57150,57150,101750,63250,63250,113000,113000,105300,57150,57150,57150,104000,104000,77050,99500,68700,68700
5.014e+08,8,0,1,11,0,0,.159332,99,99,99,99,99,99,99,99,99,99,1,2,9,2,2,9,2,9,2,58,61,0,40,40,0,40,0,0,40,40,0,40,0,0,40,40,0,40,0,0,40,0,0,40,40,0,40,0,0,40,40,0,40,40,0,33,0,0,0,0,0,33,33,0,33,0,0,33,33,0,0,0,0,33,0,0,33,33,0,0,0,0,33,33,0,33,0,0,67000,58600,40200,54400,31400,31400,67000,67000,46700,67000,40200,40200,67000,67000,48800,54400,31400,31400,67000,40200,40200,67000,67000,48800,54400,31400,31400,67000,67000,46700,67000,58600,44800
5.014e+08,10,1,0,7,1,0,-.9146326,8,8,2,5,6,1,2,6,6,2,2,2,2,2,1,1,2,2,2,60,57,0,48,0,0,0,0,0,0,0,0,0,0,0,28.8,0,0,0,0,0,0,0,0,28.8,0,0,0,0,0,0,0,0,0,0,0,36,0,0,0,0,0,36,36,0,21.6,0,0,36,36,0,0,0,0,21.6,0,0,36,36,0,0,0,0,36,36,0,36,0,0,195000,143250,143250,78000,78000,78000,141000,141000,117000,120750,90750,90750,195000,161250,149250,78000,78000,78000,120750,90750,90750,195000,161250,149250,78000,78000,78000,141000,141000,117000,147750,120750,120750
5.015e+08,10,0,0,12,1,0,.3868177,5,7,6,2,5,6,4,7,7,9,2,1,2,1,2,1,2,2,2,60,62,0,40,40,0,40,0,0,40,40,0,40,0,0,40,40,0,40,0,0,40,0,0,40,40,0,40,0,0,40,40,0,40,40,0,16,0,0,0,0,0,16,16,0,16,0,0,16,16,0,0,0,0,16,0,0,16,16,0,0,0,0,16,16,0,16,0,0,75000,64500,44250,57000,39000,39000,75000,75000,42750,75000,42000,42000,75000,75000,55500,57000,39000,39000,75000,42000,42000,75000,75000,55500,57000,39000,39000,75000,75000,42750,75000,66000,52500
5.015e+08,7,0,0,5,1,0,1.006805,7,7,4,4,5,5,5,5,8,8,2,1,2,2,2,2,2,1,1,57,55,0,45,45,0,0,0,0,45,0,0,0,0,0,45,27,0,0,0,0,0,0,0,45,27,0,0,0,0,45,0,0,45,0,0,44,0,0,0,0,0,44,44,0,26.4,0,0,44,44,0,0,0,0,26.4,0,0,44,44,0,0,0,0,44,44,0,44,0,0,197000,168200,142950,103800,103800,103800,197000,161650,123250,151550,113150,113150,197000,197000,137400,103800,103800,103800,151550,113150,113150,197000,197000,137400,103800,103800,103800,197000,161650,123250,197000,122750,122750
5.015e+08,10,1,1,11,1,1,-.3608243,8,8,1,2,1,10,1,1,1,10,9,9,9,1,1,9,9,9,9,60,61,0,40,40,0,40,0,0,40,40,0,40,0,0,40,40,0,40,0,0,40,0,0,40,40,0,40,0,0,40,40,0,40,40,0,20,0,0,0,0,0,20,20,0,20,0,0,20,20,0,0,0,0,20,0,0,20,20,0,0,0,0,20,20,0,20,0,0,89000,89000,53400,89000,44500,44500,89000,89000,48950,89000,40050,40050,89000,89000,44500,89000,44500,44500,89000,40050,40050,89000,89000,44500,89000,44500,44500,89000,89000,48950,89000,89000,48950
5.015e+08,7,0,0,-4,0,0,-.4728721,1,8,1,8,1,1,1,8,1,1,2,2,2,2,1,2,2,2,2,57,46,0,0,0,0,0,0,0,0,0,0,0,0,0,0,0,0,0,0,0,0,0,0,0,0,0,0,0,0,0,0,0,0,0,0,40,0,0,0,0,0,40,40,0,24,0,0,40,40,0,0,0,0,24,0,0,40,40,0,0,0,0,40,40,0,40,0,0,57400,47600,47600,32200,32200,32200,55300,55300,45500,51100,42700,42700,59500,59500,52500,32200,32200,32200,51100,42700,42700,59500,59500,52500,32200,32200,32200,55300,55300,45500,53200,43400,43400
5.016e+08,1,1,0,10,1,0,.0780683,8,2,1,1,9,8,1,1,9,9,2,2,2,1,1,1,2,1,2,51,60,0,55,55,55,55,55,55,55,55,55,55,55,55,55,55,55,55,55,55,55,55,55,55,55,55,55,55,55,55,55,55,55,55,55,55,0,0,0,0,0,55,55,0,33,0,0,55,55,0,0,0,0,33,0,0,55,55,0,0,0,0,55,55,0,55,0,0,132500,103900,103900,89600,89600,89600,132500,132500,107475,132500,100325,100325,132500,132500,125350,89600,89600,89600,132500,100325,100325,132500,132500,125350,89600,89600,89600,132500,132500,107475,132500,111050,111050
5.016e+08,10,1,1,10,0,0,.6396585,10,10,10,10,7,1,1,7,10,1,2,2,2,1,2,1,2,1,2,60,60,0,40,40,0,0,0,0,40,0,0,0,0,0,40,24,0,0,0,0,0,0,0,40,24,0,0,0,0,40,0,0,40,0,0,40,0,0,0,0,0,40,40,0,24,0,0,40,40,0,0,0,0,24,0,0,40,40,0,0,0,0,40,40,0,40,0,0,27000,16200,16200,14850,14850,14850,27000,27000,20250,27000,18900,18900,27000,27000,18900,14850,14850,14850,27000,18900,18900,27000,27000,18900,14850,14850,14850,27000,27000,20250,27000,17550,17550
5.016e+08,8,1,0,8,0,0,.7784631,8,8,3,5,3,3,6,6,6,6,1,1,1,1,1,1,2,2,1,58,58,0,10,10,0,0,0,0,10,0,0,0,0,0,10,10,0,0,0,0,0,0,0,10,10,0,0,0,0,10,0,0,10,0,0,10,0,0,0,0,0,10,10,0,10,0,0,10,10,0,0,0,0,10,0,0,10,10,0,0,0,0,10,10,0,10,0,0,149000,132000,97500,74500,74500,74500,149000,97250,88750,97250,81950,81950,149000,149000,119200,74500,74500,74500,97250,81950,81950,149000,149000,119200,74500,74500,74500,149000,97250,88750,149000,87700,87700
5.017e+08,9,1,0,12,1,0,.5557905,5,6,4,4,5,5,6,7,4,4,1,2,2,2,2,2,2,1,1,59,62,0,55,55,0,55,0,0,55,55,0,55,0,0,55,55,0,55,0,0,55,0,0,55,55,0,55,0,0,55,55,0,55,55,0,16,0,0,0,0,0,16,16,0,16,0,0,16,16,0,0,0,0,16,0,0,16,16,0,0,0,0,16,16,0,16,0,0,83300,73640,45790,72260,38840,38840,83300,83300,58310,83300,48575,48575,83300,83300,62450,72260,38840,38840,83300,48575,48575,83300,83300,62450,72260,38840,38840,83300,83300,58310,83300,73640,51360
5.017e+08,11,1,0,12,0,0,-.2267733,10,10,1,1,3,3,3,3,4,4,1,1,1,2,2,2,1,2,1,61,62,0,40,40,0,40,0,0,40,40,0,40,0,0,40,40,0,40,0,0,40,0,0,40,40,0,40,0,0,40,40,0,40,40,0,20,0,0,0,0,0,20,20,0,20,0,0,20,20,0,0,0,0,20,0,0,20,20,0,0,0,0,20,20,0,20,0,0,280000,257600,171200,241600,144400,144400,280000,280000,166800,280000,128000,128000,280000,280000,162400,241600,144400,144400,280000,128000,128000,280000,280000,162400,241600,144400,144400,280000,280000,166800,280000,260800,163600
5.017e+08,12,1,0,9,1,0,1.098612,10,7,2,2,8,1,10,10,9,1,2,2,2,2,2,1,2,1,2,62,59,0,40,0,0,0,0,0,0,0,0,0,0,0,24,0,0,0,0,0,0,0,0,24,0,0,0,0,0,0,0,0,0,0,0,40,0,0,0,0,0,40,40,0,24,0,0,40,40,0,0,0,0,24,0,0,40,40,0,0,0,0,40,40,0,40,0,0,21000,16800,16800,12600,12600,12600,14700,14700,14700,12600,12600,12600,21000,14700,14700,12600,12600,12600,12600,12600,12600,21000,14700,14700,12600,12600,12600,14700,14700,14700,11550,11550,11550
5.018e+08,8,0,1,2,0,0,.5570729,6,6,5,5,5,5,5,5,6,7,1,1,1,1,1,1,1,2,1,58,52,0,0,0,0,0,0,0,0,0,0,0,0,0,0,0,0,0,0,0,0,0,0,0,0,0,0,0,0,0,0,0,0,0,0,43,0,0,0,0,0,43,43,0,25.8,0,0,43,43,0,0,0,0,25.8,0,0,43,43,0,0,0,0,43,43,0,43,0,0,48350,30350,30350,30250,30250,30250,45500,45500,32900,45500,27500,27500,47400,47400,43800,30250,30250,30250,45500,27500,27500,47400,47400,43800,30250,30250,30250,45500,45500,32900,48350,30350,30350
5.019e+08,9,1,0,4,0,0,-.5777699,1,1,1,1,1,1,1,7,1,1,2,2,2,2,1,1,2,2,2,59,54,0,40,0,0,0,0,0,0,0,0,0,0,0,24,0,0,0,0,0,0,0,0,24,0,0,0,0,0,0,0,0,0,0,0,40,0,0,0,0,0,40,40,0,24,0,0,40,40,0,0,0,0,24,0,0,40,40,0,0,0,0,40,40,0,40,0,0,40000,26000,26000,16000,16000,16000,26000,26000,26000,18000,18000,18000,40000,24000,24000,16000,16000,16000,18000,18000,18000,40000,24000,24000,16000,16000,16000,26000,26000,26000,28000,28000,28000
5.019e+08,7,1,0,7,1,0,.2405353,99,99,99,99,99,99,99,99,99,99,1,9,9,9,9,9,9,9,9,57,57,0,40,40,0,0,0,0,40,0,0,0,0,0,40,24,0,0,0,0,0,0,0,40,24,0,0,0,0,40,0,0,40,0,0,36,0,0,0,0,0,36,36,0,21.6,0,0,36,36,0,0,0,0,21.6,0,0,36,36,0,0,0,0,36,36,0,36,0,0,105000,75000,59250,54000,54000,54000,105000,89250,68250,82500,52500,52500,105000,105000,78750,54000,54000,54000,82500,52500,52500,105000,105000,78750,54000,54000,54000,105000,89250,68250,105000,62250,62250
5.019e+08,9,0,1,0,0,0,-.3662444,9,1,1,1,10,1,1,10,1,10,1,2,1,2,1,2,2,2,2,59,50,0,0,0,0,0,0,0,0,0,0,0,0,0,0,0,0,0,0,0,0,0,0,0,0,0,0,0,0,0,0,0,0,0,0,42,0,0,0,0,0,42,42,0,25.2,0,0,42,42,0,0,0,0,25.2,0,0,42,42,0,0,0,0,42,42,0,42,0,0,29550,24150,24150,17250,17250,17250,28725,28725,22425,27075,20775,20775,30375,30375,26775,17250,17250,17250,27075,20775,20775,30375,30375,26775,17250,17250,17250,28725,28725,22425,27900,19800,19800
5.020e+08,8,0,0,5,1,0,1.098612,6,6,10,1,10,10,8,10,10,10,2,1,1,1,1,1,2,1,2,58,55,0,65,0,0,0,0,0,0,0,0,0,0,0,39,0,0,0,0,0,0,0,0,39,0,0,0,0,0,0,0,0,0,0,0,40,0,0,0,0,0,40,40,0,24,0,0,40,40,0,0,0,0,24,0,0,40,40,0,0,0,0,40,40,0,40,0,0,60000,39000,39000,30000,30000,30000,39000,39000,39000,36000,36000,36000,60000,45000,45000,30000,30000,30000,36000,36000,36000,60000,45000,45000,30000,30000,30000,39000,39000,39000,30000,30000,30000
5.020e+08,12,0,1,4,1,0,1.038372,1,1,1,1,8,8,5,8,5,8,2,1,1,1,1,1,1,1,1,62,54,0,0,0,0,0,0,0,0,0,0,0,0,0,0,0,0,0,0,0,0,0,0,0,0,0,0,0,0,0,0,0,0,0,0,40,0,0,0,0,0,40,40,0,24,0,0,40,40,0,0,0,0,24,0,0,40,40,0,0,0,0,40,40,0,40,0,0,96500,72500,72500,57750,57750,57750,99250,99250,83250,92375,68375,68375,96500,96500,76500,57750,57750,57750,92375,68375,68375,96500,96500,76500,57750,57750,57750,99250,99250,83250,95125,71125,71125
5.021e+08,8,1,0,8,0,0,-.3526677,5,5,4,4,3,3,7,7,3,6,2,1,9,1,1,1,2,2,2,58,58,0,60,60,0,0,0,0,60,0,0,0,0,0,60,36,0,0,0,0,0,0,0,60,36,0,0,0,0,60,0,0,60,0,0,50,0,0,0,0,0,50,50,0,30,0,0,50,50,0,0,0,0,30,0,0,50,50,0,0,0,0,50,50,0,50,0,0,149640.7,129390.7,92766.44,72570.34,72570.34,72570.34,149640.7,113016.4,101766.4,92088.3,78588.3,78588.3,149640.7,149640.7,98784.41,72570.34,72570.34,72570.34,92088.3,78588.3,78588.3,149640.7,149640.7,98784.41,72570.34,72570.34,72570.34,149640.7,113016.4,101766.4,149640.7,100248.5,100248.5
5.021e+08,12,0,0,12,1,0,1.018312,5,5,2,2,7,4,6,6,7,2,2,2,2,2,1,2,2,2,2,62,62,0,40,40,0,0,0,0,40,0,0,0,0,0,40,24,0,0,0,0,0,0,0,40,24,0,0,0,0,40,0,0,40,0,0,36,0,0,0,0,0,36,36,0,21.6,0,0,36,36,0,0,0,0,21.6,0,0,36,36,0,0,0,0,36,36,0,36,0,0,75000,45500,39900,33750,33750,33750,75000,70200,49550,67800,47150,47150,75000,75000,62150,33750,33750,33750,67800,47150,47150,75000,75000,62150,33750,33750,33750,75000,70200,49550,75000,49300,49300
5.022e+08,9,0,0,11,0,0,-.2623643,1,1,1,1,2,1,1,1,1,1,1,2,2,1,1,1,9,9,9,59,61,0,40,40,0,40,0,0,40,40,0,40,0,0,40,40,0,40,0,0,40,0,0,40,40,0,40,0,0,40,40,0,40,40,0,18,0,0,0,0,0,18,18,0,18,0,0,18,18,0,0,0,0,18,0,0,18,18,0,0,0,0,18,18,0,18,0,0,46000,39700,26900,40400,27600,27600,46000,46000,31300,46000,22600,22600,46000,46000,31100,40400,27600,27600,46000,22600,22600,46000,46000,31100,40400,27600,27600,46000,46000,31300,46000,39700,30100
5.023e+08,7,0,0,8,0,0,.5471933,1,4,6,8,2,2,7,10,2,2,2,1,2,2,2,2,2,2,2,57,58,0,40,40,0,40,0,0,40,40,0,40,0,0,40,40,0,40,0,0,40,0,0,40,40,0,40,0,0,40,40,0,40,40,0,50,0,0,0,0,0,50,50,0,30,0,0,50,50,0,0,0,0,30,0,0,50,50,0,0,0,0,50,50,0,50,0,0,70000,42000,42000,28000,28000,28000,70000,70000,49000,70000,38500,38500,70000,70000,63000,28000,28000,28000,70000,38500,38500,70000,70000,63000,28000,28000,28000,70000,70000,49000,70000,35000,35000
5.023e+08,10,1,0,11,1,1,-.1468173,6,1,1,8,1,1,3,8,1,1,1,2,1,2,2,2,2,2,2,60,61,0,40,40,0,40,0,0,40,40,0,40,0,0,40,40,0,40,0,0,40,0,0,40,40,0,40,0,0,40,40,0,40,40,0,40,0,0,0,0,0,40,40,0,24,0,0,40,40,0,0,0,0,24,0,0,40,40,0,0,0,0,40,40,0,40,0,0,272000,229700,158500,229700,122900,122900,272000,272000,150100,272000,144900,144900,272000,272000,204500,229700,122900,122900,272000,144900,144900,272000,272000,204500,229700,122900,122900,272000,272000,150100,272000,229700,167400
5.024e+08,10,1,0,2,1,0,.3027956,8,8,4,2,4,7,6,6,4,7,2,2,2,1,2,1,1,1,1,60,52,0,0,0,0,0,0,0,0,0,0,0,0,0,0,0,0,0,0,0,0,0,0,0,0,0,0,0,0,0,0,0,0,0,0,45,0,0,0,0,0,45,45,0,27,0,0,45,45,0,0,0,0,27,0,0,45,45,0,0,0,0,45,45,0,45,0,0,231550,171550,171550,125750,125750,125750,225725,225725,165725,208250,140750,140750,231550,231550,186550,125750,125750,125750,208250,140750,140750,231550,231550,186550,125750,125750,125750,225725,225725,165725,231550,179050,179050
5.024e+08,7,0,0,6,0,0,-.2773905,5,5,5,5,5,5,5,5,5,5,2,2,2,2,2,2,2,9,2,57,56,0,40,40,0,0,0,0,40,0,0,0,0,0,40,24,0,0,0,0,0,0,0,40,24,0,0,0,0,40,0,0,40,0,0,40,0,0,0,0,0,40,40,0,24,0,0,40,40,0,0,0,0,24,0,0,40,40,0,0,0,0,40,40,0,40,0,0,50000,50000,37500,27500,27500,27500,50000,25000,25000,20000,20000,20000,50000,50000,40000,27500,27500,27500,20000,20000,20000,50000,50000,40000,27500,27500,27500,50000,25000,25000,50000,25000,25000
5.025e+08,12,1,0,11,0,0,-.5867872,7,6,6,7,8,8,7,8,5,5,2,1,1,1,1,2,1,1,1,62,61,0,50,50,0,0,0,0,50,0,0,0,0,0,50,30,0,0,0,0,0,0,0,50,30,0,0,0,0,50,0,0,50,0,0,40,0,0,0,0,0,40,40,0,24,0,0,40,40,0,0,0,0,24,0,0,40,40,0,0,0,0,40,40,0,40,0,0,195000,170250,121250,110000,110000,110000,195000,146000,126750,132000,110000,110000,195000,195000,128000,110000,110000,110000,132000,110000,110000,195000,195000,128000,110000,110000,110000,195000,146000,126750,195000,118500,118500
5.026e+08,12,1,0,12,1,0,-1.738424,4,4,5,5,9,5,9,7,5,5,1,2,1,2,2,2,2,1,2,62,62,0,15,15,0,0,0,0,15,0,0,0,0,0,15,15,0,0,0,0,0,0,0,15,15,0,0,0,0,15,0,0,15,0,0,21,0,0,0,0,0,21,21,0,21,0,0,21,21,0,0,0,0,21,0,0,21,21,0,0,0,0,21,21,0,21,0,0,42000,37800,25800,17400,17400,17400,42000,33000,30600,30000,24600,24600,42000,42000,33000,17400,17400,17400,30000,24600,24600,42000,42000,33000,17400,17400,17400,42000,33000,30600,42000,26400,26400
5.026e+08,11,0,0,8,0,0,-1.126362,4,6,4,4,5,5,6,6,6,6,2,2,2,1,1,1,1,2,2,61,58,0,40,0,0,0,0,0,0,0,0,0,0,0,24,0,0,0,0,0,0,0,0,24,0,0,0,0,0,0,0,0,0,0,0,25,0,0,0,0,0,25,25,0,25,0,0,25,25,0,0,0,0,25,0,0,25,25,0,0,0,0,25,25,0,25,0,0,70000,45100,45100,34600,34600,34600,45200,45200,43600,45200,42000,42000,70000,51400,49000,34600,34600,34600,45200,42000,42000,70000,51400,49000,34600,34600,34600,45200,45200,43600,45200,42000,42000
5.026e+08,11,1,0,4,1,0,-.3982472,1,1,1,1,1,1,1,1,1,1,2,1,1,2,1,1,2,2,2,61,54,0,0,0,0,0,0,0,0,0,0,0,0,0,0,0,0,0,0,0,0,0,0,0,0,0,0,0,0,0,0,0,0,0,0,40,0,0,0,0,0,40,40,0,24,0,0,40,40,0,0,0,0,24,0,0,40,40,0,0,0,0,40,40,0,40,0,0,186000,162000,162000,112875,112875,112875,152875,152875,124875,139625,107625,107625,166125,166125,146125,112875,112875,112875,139625,107625,107625,166125,166125,146125,112875,112875,112875,152875,152875,124875,172750,140750,140750
5.026e+08,12,1,0,11,0,0,-.5306283,3,2,5,1,8,7,3,7,3,7,2,1,2,2,1,1,1,1,2,62,61,0,45,45,0,0,0,0,45,0,0,0,0,0,45,27,0,0,0,0,0,0,0,45,27,0,0,0,0,45,0,0,45,0,0,32,0,0,0,0,0,32,32,0,32,0,0,32,32,0,0,0,0,32,0,0,32,32,0,0,0,0,32,32,0,32,0,0,96000,86400,64800,55200,55200,55200,96000,70800,63600,63600,56400,56400,96000,96000,63600,55200,55200,55200,63600,56400,56400,96000,96000,63600,55200,55200,55200,96000,70800,63600,96000,56400,56400
5.026e+08,10,0,0,5,0,0,.70351,8,8,3,3,8,8,3,3,4,3,2,2,2,2,1,1,1,1,1,60,55,0,40,0,0,0,0,0,0,0,0,0,0,0,24,0,0,0,0,0,0,0,0,24,0,0,0,0,0,0,0,0,0,0,0,40,0,0,0,0,0,40,40,0,24,0,0,40,40,0,0,0,0,24,0,0,40,40,0,0,0,0,40,40,0,40,0,0,10000,6500,6500,4000,4000,4000,10000,10000,7500,10000,6000,6000,10000,10000,7500,4000,4000,4000,10000,6000,6000,10000,10000,7500,4000,4000,4000,10000,10000,7500,10000,5500,5500
5.027e+08,9,0,0,9,0,0,-1.073294,1,1,1,1,1,1,1,1,1,1,1,1,1,2,2,2,2,1,1,59,59,0,55,55,0,0,0,0,55,0,0,0,0,0,55,33,0,0,0,0,0,0,0,55,33,0,0,0,0,55,0,0,55,0,0,20,0,0,0,0,0,20,20,0,20,0,0,20,20,0,0,0,0,20,0,0,20,20,0,0,0,0,20,20,0,20,0,0,95500,95500,76400,52525,52525,52525,95500,47750,47750,42975,42975,42975,95500,95500,66850,52525,52525,52525,42975,42975,42975,95500,95500,66850,52525,52525,52525,95500,47750,47750,95500,62075,62075
5.215e+08,3,0,0,2,0,0,-.6151856,6,9,8,5,4,3,4,3,8,6,1,2,1,2,1,2,1,1,1,53,52,0,40,40,0,0,0,0,40,0,0,0,0,0,40,24,0,0,0,0,0,0,0,40,24,0,0,0,0,40,0,0,40,0,0,12,0,0,0,0,0,12,12,0,12,0,0,12,12,0,0,0,0,12,0,0,12,12,0,0,0,0,12,12,0,12,0,0,50821,50121,37915.75,22869.45,22869.45,22869.45,50821,36174.7,35574.7,31292.6,30592.6,30592.6,50821,50821,40756.8,22869.45,22869.45,22869.45,31292.6,30592.6,30592.6,50821,50821,40756.8,22869.45,22869.45,22869.45,50821,36174.7,35574.7,50821,32833.65,32833.65
5.217e+08,4,0,0,-1,0,1,-.6399224,1,4,1,1,1,1,1,1,1,2,2,2,1,2,2,2,2,1,2,54,49,0,40,0,0,0,0,0,0,0,0,0,0,0,24,0,0,0,0,0,0,0,0,24,0,0,0,0,0,0,0,0,0,0,0,24,0,0,0,0,0,24,24,0,24,0,0,24,24,0,0,0,0,24,0,0,24,24,0,0,0,0,24,24,0,24,0,0,87000,57650,57650,39150,39150,39150,61000,61000,55500,57750,47850,47850,87000,64250,60950,39150,39150,39150,57750,47850,47850,87000,64250,60950,39150,39150,39150,61000,61000,55500,54500,44600,44600
5.224e+08,2,0,0,-1,0,0,.1410786,2,2,2,2,2,2,2,3,3,4,2,2,2,1,1,1,1,2,1,52,49,0,40,0,0,0,0,0,0,0,0,0,0,0,24,0,0,0,0,0,0,0,0,24,0,0,0,0,0,0,0,0,0,0,0,40,0,0,0,0,0,40,40,0,24,0,0,40,40,0,0,0,0,24,0,0,40,40,0,0,0,0,40,40,0,40,0,0,41000,24600,24600,22700,22700,22700,31500,31500,24900,33400,26800,26800,41000,36250,30750,22700,22700,22700,33400,26800,26800,41000,36250,30750,22700,22700,22700,31500,31500,24900,32450,23650,23650
5.225e+08,1,0,0,3,0,0,.2036206,4,5,6,8,1,3,5,9,7,9,2,1,1,2,1,1,2,2,2,51,53,0,45,45,0,45,0,0,45,45,0,45,0,0,45,45,0,45,0,0,45,0,0,45,45,0,45,0,0,45,45,0,45,45,0,25,0,0,0,0,0,25,25,0,25,0,0,25,25,0,0,0,0,25,0,0,25,25,0,0,0,0,25,25,0,25,0,0,24000,24000,13200,24000,9600,9600,24000,24000,13200,24000,10800,10800,24000,24000,13200,24000,9600,9600,24000,10800,10800,24000,24000,13200,24000,9600,9600,24000,24000,13200,24000,24000,14400
5.226e+08,2,1,0,1,1,0,.1650798,3,2,4,3,2,1,2,2,2,2,2,2,1,2,2,2,2,2,2,52,51,0,40,40,0,0,0,0,40,0,0,0,0,0,40,24,0,0,0,0,0,0,0,40,24,0,0,0,0,40,0,0,40,0,0,50,0,0,0,0,0,50,50,0,30,0,0,50,50,0,0,0,0,30,0,0,50,50,0,0,0,0,50,50,0,50,0,0,182000,148700,130950,87000,87000,87000,182000,160700,116300,153600,98100,98100,182000,182000,123850,87000,87000,87000,153600,98100,98100,182000,182000,123850,87000,87000,87000,182000,160700,116300,182000,103650,103650
5.229e+08,3,0,0,0,0,0,-.4616354,5,4,5,2,7,2,5,7,3,2,2,1,1,1,1,1,2,1,1,53,50,0,40,0,0,0,0,0,0,0,0,0,0,0,24,0,0,0,0,0,0,0,0,24,0,0,0,0,0,0,0,0,0,0,0,40,0,0,0,0,0,40,40,0,24,0,0,40,40,0,0,0,0,24,0,0,40,40,0,0,0,0,40,40,0,40,0,0,105000,58000,58000,52750,52750,52750,88500,88500,76000,77500,57500,57500,105000,85750,75750,52750,52750,52750,77500,57500,57500,105000,85750,75750,52750,52750,52750,88500,88500,76000,80250,57750,57750
5.231e+08,1,1,0,2,1,0,-.6726686,1,3,1,2,4,7,5,5,5,7,2,2,2,2,1,1,1,1,1,51,52,0,40,40,0,40,0,0,40,40,0,40,0,0,40,40,0,40,0,0,40,0,0,40,40,0,40,0,0,40,40,0,40,40,0,40,0,0,0,0,0,40,40,0,24,0,0,40,40,0,0,0,0,24,0,0,40,40,0,0,0,0,40,40,0,40,0,0,209000,175700,128450,179400,98400,98400,209000,209000,126700,209000,104500,104500,209000,209000,157400,179400,98400,98400,209000,104500,104500,209000,209000,157400,179400,98400,98400,209000,209000,126700,209000,186800,146300
5.231e+08,1,1,0,-1,1,0,-.9690768,1,1,1,1,6,8,3,7,6,8,2,2,2,1,1,1,1,2,2,51,49,0,40,40,0,0,0,0,40,0,0,0,0,0,40,24,0,0,0,0,0,0,0,40,24,0,0,0,0,40,0,0,40,0,0,40,0,0,0,0,0,40,40,0,24,0,0,40,40,0,0,0,0,24,0,0,40,40,0,0,0,0,40,40,0,40,0,0,200000,175500,123500,90500,90500,90500,200000,148000,127000,141500,117000,117000,200000,200000,140500,90500,90500,90500,141500,117000,117000,200000,200000,140500,90500,90500,90500,200000,148000,127000,200000,119500,119500
5.233e+08,11,0,1,1,1,0,-.0072234,6,7,3,3,8,8,7,8,9,9,2,2,2,1,1,1,1,2,1,61,51,0,0,0,0,0,0,0,0,0,0,0,0,0,0,0,0,0,0,0,0,0,0,0,0,0,0,0,0,0,0,0,0,0,0,6,0,0,0,0,0,6,6,0,6,0,0,6,6,0,0,0,0,6,0,0,6,6,0,0,0,0,6,6,0,6,0,0,30000,15000,15000,15000,15000,15000,30000,30000,18000,30000,21000,21000,30000,30000,22500,15000,15000,15000,30000,21000,21000,30000,30000,22500,15000,15000,15000,30000,30000,18000,30000,15000,15000
5.236e+08,2,1,0,-3,1,0,.1590321,10,10,8,8,7,6,8,7,5,3,1,2,2,2,2,2,2,2,2,52,47,0,48,0,0,0,0,0,0,0,0,0,0,0,28.8,0,0,0,0,0,0,0,0,28.8,0,0,0,0,0,0,0,0,0,0,0,46,0,0,0,0,0,46,46,0,27.6,0,0,46,46,0,0,0,0,27.6,0,0,46,46,0,0,0,0,46,46,0,46,0,0,85000,46750,46750,34000,34000,34000,85000,85000,63750,85000,42500,42500,85000,85000,59500,34000,34000,34000,85000,42500,42500,85000,85000,59500,34000,34000,34000,85000,85000,63750,85000,51000,51000
5.238e+08,7,1,0,4,1,0,1.098612,1,1,1,1,1,1,1,1,1,1,2,1,2,1,2,1,2,2,2,57,54,0,20,0,0,0,0,0,0,0,0,0,0,0,20,0,0,0,0,0,0,0,0,20,0,0,0,0,0,0,0,0,0,0,0,20,0,0,0,0,0,20,20,0,20,0,0,20,20,0,0,0,0,20,0,0,20,20,0,0,0,0,20,20,0,20,0,0,63000,44100,44100,27350,27350,27350,47950,47950,43950,39350,33350,33350,63000,52250,47250,27350,27350,27350,39350,33350,33350,63000,52250,47250,27350,27350,27350,47950,47950,43950,50100,41100,41100
5.240e+08,5,0,0,1,1,0,-.3434924,1,1,1,1,99,1,1,1,2,2,2,2,2,1,1,1,1,2,1,55,51,0,40,0,0,0,0,0,0,0,0,0,0,0,24,0,0,0,0,0,0,0,0,24,0,0,0,0,0,0,0,0,0,0,0,40,0,0,0,0,0,40,40,0,24,0,0,40,40,0,0,0,0,24,0,0,40,40,0,0,0,0,40,40,0,40,0,0,153000,109900,109900,61200,61200,61200,116950,116950,104450,111800,89300,89300,153000,127250,117250,61200,61200,61200,111800,89300,89300,153000,127250,117250,61200,61200,61200,116950,116950,104450,116950,94450,94450
5.244e+08,6,1,0,-3,0,1,-.6367916,1,2,4,5,1,4,1,9,1,7,2,2,2,1,2,2,1,2,2,56,47,0,0,0,0,0,0,0,0,0,0,0,0,0,0,0,0,0,0,0,0,0,0,0,0,0,0,0,0,0,0,0,0,0,0,35,0,0,0,0,0,35,35,0,35,0,0,35,35,0,0,0,0,35,0,0,35,35,0,0,0,0,35,35,0,35,0,0,40800,40800,40800,34000,34000,34000,37400,37400,37400,40800,40800,40800,40800,40800,40800,34000,34000,34000,40800,40800,40800,40800,40800,40800,34000,34000,34000,37400,37400,37400,44200,44200,44200
5.245e+08,5,1,0,5,1,0,-.2600356,5,10,5,5,10,10,5,10,10,10,2,2,2,1,2,1,2,2,2,55,55,0,10,10,0,0,0,0,10,0,0,0,0,0,10,10,0,0,0,0,0,0,0,10,10,0,0,0,0,10,0,0,10,0,0,30,0,0,0,0,0,30,30,0,30,0,0,30,30,0,0,0,0,30,0,0,30,30,0,0,0,0,30,30,0,30,0,0,108269.1,108269.1,64961.46,48721.09,48721.09,48721.09,108269.1,64961.46,64961.46,59548,59548,59548,108269.1,108269.1,86615.27,48721.09,48721.09,48721.09,59548,59548,59548,108269.1,108269.1,86615.27,48721.09,48721.09,48721.09,108269.1,64961.46,64961.46,108269.1,64961.46,64961.46
5.249e+08,2,0,0,7,0,1,-.9334756,1,1,1,1,5,7,1,1,5,9,2,2,2,2,1,2,1,1,1,52,57,0,40,40,0,40,40,0,40,40,0,40,40,0,40,40,0,40,40,0,40,40,0,40,40,0,40,40,0,40,40,0,40,40,0,20,0,0,0,0,0,20,20,0,20,0,0,20,20,0,0,0,0,20,0,0,20,20,0,0,0,0,20,20,0,20,0,0,80000,71000,35000,71000,71000,41000,80000,80000,50000,80000,71000,38000,80000,80000,53000,71000,71000,41000,80000,71000,38000,80000,80000,53000,71000,71000,41000,80000,80000,50000,80000,71000,47000
5.250e+08,3,1,0,-1,1,0,.1060055,5,7,2,4,2,5,2,5,4,4,2,1,1,2,1,1,2,2,2,53,49,0,50,0,0,0,0,0,0,0,0,0,0,0,30,0,0,0,0,0,0,0,0,30,0,0,0,0,0,0,0,0,0,0,0,35,0,0,0,0,0,35,35,0,35,0,0,35,35,0,0,0,0,35,0,0,35,35,0,0,0,0,35,35,0,35,0,0,107000,75750,75750,61100,61100,61100,79100,79100,70100,72900,54900,54900,107000,94600,81100,61100,61100,61100,72900,54900,54900,107000,94600,81100,61100,61100,61100,79100,79100,70100,85300,62800,62800
5.251e+08,3,0,1,-5,1,0,-.28196,1,7,1,8,1,1,1,4,1,1,2,1,2,2,1,2,2,2,2,53,45,0,0,0,0,0,0,0,0,0,0,0,0,0,0,0,0,0,0,0,0,0,0,0,0,0,0,0,0,0,0,0,0,0,0,40,0,0,0,0,0,40,40,0,24,0,0,40,40,0,0,0,0,24,0,0,40,40,0,0,0,0,40,40,0,40,0,0,157600,102600,102600,93200,93200,93200,154200,154200,121200,137200,93200,93200,157600,157600,146600,93200,93200,93200,137200,93200,93200,157600,157600,146600,93200,93200,93200,154200,154200,121200,157600,119100,119100
5.255e+08,3,0,0,5,1,0,1.098612,1,1,6,6,4,1,8,8,7,1,2,2,2,2,2,2,2,1,2,53,55,0,15,15,0,15,0,0,15,15,0,15,0,0,15,15,0,15,0,0,15,0,0,15,15,0,15,0,0,15,15,0,15,15,0,55,0,0,0,0,0,55,55,0,33,0,0,55,55,0,0,0,0,33,0,0,55,55,0,0,0,0,55,55,0,55,0,0,95000,50000,47750,50000,47500,47500,95000,95000,75250,95000,61250,61250,95000,95000,80000,50000,47500,47500,95000,61250,61250,95000,95000,80000,50000,47500,47500,95000,95000,75250,95000,54500,52250
5.258e+08,5,0,0,1,0,0,-.7014272,3,8,4,7,6,9,5,8,4,9,2,1,1,1,2,1,1,1,1,55,51,0,50,0,0,0,0,0,0,0,0,0,0,0,30,0,0,0,0,0,0,0,0,30,0,0,0,0,0,0,0,0,0,0,0,55,0,0,0,0,0,55,55,0,33,0,0,55,55,0,0,0,0,33,0,0,55,55,0,0,0,0,55,55,0,55,0,0,96000,57000,57000,53400,53400,53400,70800,70800,66000,58200,53400,53400,96000,66600,65400,53400,53400,53400,58200,53400,53400,96000,66600,65400,53400,53400,53400,70800,70800,66000,66600,60600,60600
5.259e+08,1,0,0,-7,0,0,-.3637255,5,5,6,5,3,3,4,4,4,4,2,1,2,2,2,2,2,2,2,51,43,0,0,0,0,0,0,0,0,0,0,0,0,0,0,0,0,0,0,0,0,0,0,0,0,0,0,0,0,0,0,0,0,0,0,60,0,0,0,0,0,60,60,0,36,0,0,60,60,0,0,0,0,36,0,0,60,60,0,0,0,0,60,60,0,60,0,0,60000,49500,49500,33500,33500,33500,62500,62500,50500,52500,37500,37500,62500,62500,55000,33500,33500,33500,52500,37500,37500,62500,62500,55000,33500,33500,33500,62500,62500,50500,57500,45500,45500
5.259e+08,4,1,0,-2,1,0,-.5509759,8,9,6,7,5,5,8,7,7,6,2,2,2,2,1,2,2,2,2,54,48,0,0,0,0,0,0,0,0,0,0,0,0,0,0,0,0,0,0,0,0,0,0,0,0,0,0,0,0,0,0,0,0,0,0,40,0,0,0,0,0,40,40,0,24,0,0,40,40,0,0,0,0,24,0,0,40,40,0,0,0,0,40,40,0,40,0,0,210291,179841,179841,137157.9,137157.9,137157.9,188949.5,188949.5,167634.5,188949.5,170679.5,170679.5,210291,210291,201156,137157.9,137157.9,137157.9,188949.5,170679.5,170679.5,210291,210291,201156,137157.9,137157.9,137157.9,188949.5,188949.5,167634.5,210291,179841,179841
5.260e+08,-1,0,1,2,1,0,-.9862831,3,3,2,2,2,2,4,4,4,4,1,2,1,2,2,2,2,2,2,49,52,0,40,40,0,40,0,0,40,40,0,40,0,0,40,40,0,40,0,0,40,0,0,40,40,0,40,0,0,40,40,0,40,40,0,45,0,0,0,0,0,45,45,0,27,0,0,45,45,0,0,0,0,27,0,0,45,45,0,0,0,0,45,45,0,45,0,0,112000,100800,60800,96000,64000,64000,112000,112000,64800,112000,64000,64000,112000,112000,81600,96000,64000,64000,112000,64000,64000,112000,112000,81600,96000,64000,64000,112000,112000,64800,112000,97600,73600
5.261e+08,3,1,0,3,0,0,-1.280934,8,8,3,3,5,5,2,5,8,8,1,1,1,2,1,1,9,9,9,53,53,0,40,40,0,0,0,0,40,0,0,0,0,0,40,24,0,0,0,0,0,0,0,40,24,0,0,0,0,40,0,0,40,0,0,35,0,0,0,0,0,35,35,0,35,0,0,35,35,0,0,0,0,35,0,0,35,35,0,0,0,0,35,35,0,35,0,0,178000,170300,131300,99000,99000,99000,178000,115600,111200,92200,81200,81200,178000,178000,127900,99000,99000,99000,92200,81200,81200,178000,178000,127900,99000,99000,99000,178000,115600,111200,178000,124600,124600
5.262e+08,1,0,0,3,1,0,-.6145239,3,3,4,3,4,3,3,4,3,4,2,2,2,2,2,2,2,1,1,51,53,0,60,60,0,60,0,0,60,60,0,60,0,0,60,60,0,60,0,0,60,0,0,60,60,0,60,0,0,60,60,0,60,60,0,50,0,0,0,0,0,50,50,0,30,0,0,50,50,0,0,0,0,30,0,0,50,50,0,0,0,0,50,50,0,50,0,0,112000,99050,72800,89800,56050,56050,112000,112000,67200,112000,63450,63450,112000,112000,74600,89800,56050,56050,112000,63450,63450,112000,112000,74600,89800,56050,56050,112000,112000,67200,112000,95350,69100
5.264e+08,5,0,0,6,0,0,-.515159,10,5,6,3,10,5,10,99,10,2,1,9,2,1,2,1,1,2,2,55,56,0,40,40,0,40,0,0,40,40,0,40,0,0,40,40,0,40,0,0,40,0,0,40,40,0,40,0,0,40,40,0,40,40,0,32,0,0,0,0,0,32,32,0,32,0,0,32,32,0,0,0,0,32,0,0,32,32,0,0,0,0,32,32,0,32,0,0,103000,84000,58000,87800,48800,48800,103000,103000,74000,103000,55300,55300,103000,103000,62350,87800,48800,48800,103000,55300,55300,103000,103000,62350,87800,48800,48800,103000,103000,74000,103000,91600,65600
5.269e+08,4,1,0,2,1,0,-.3065506,1,2,1,1,4,3,5,7,6,6,2,2,2,1,1,1,2,1,1,54,52,0,70,70,0,0,0,0,70,0,0,0,0,0,70,42,0,0,0,0,0,0,0,70,42,0,0,0,0,70,0,0,70,0,0,40,0,0,0,0,0,40,40,0,24,0,0,40,40,0,0,0,0,24,0,0,40,40,0,0,0,0,40,40,0,40,0,0,159500,145850,111650,83175,83175,83175,159500,113900,104800,113900,95700,95700,159500,159500,124175,83175,83175,83175,113900,95700,95700,159500,159500,124175,83175,83175,83175,159500,113900,104800,159500,92275,92275
5.269e+08,2,1,0,-1,0,0,-.8998602,1,1,1,1,1,1,3,3,4,1,2,2,2,2,1,2,2,1,2,52,49,0,42,0,0,0,0,0,0,0,0,0,0,0,25.2,0,0,0,0,0,0,0,0,25.2,0,0,0,0,0,0,0,0,0,0,0,40,0,0,0,0,0,40,40,0,24,0,0,40,40,0,0,0,0,24,0,0,40,40,0,0,0,0,40,40,0,40,0,0,140000,88500,88500,69750,69750,69750,102000,102000,88500,87750,74250,74250,140000,111500,104750,69750,69750,69750,87750,74250,74250,140000,111500,104750,69750,69750,69750,102000,102000,88500,92500,74500,74500
5.274e+08,5,0,0,3,0,0,.0358595,1,3,7,7,6,6,8,8,8,8,2,1,2,2,2,1,2,2,2,55,53,0,40,40,0,0,0,0,40,0,0,0,0,0,40,24,0,0,0,0,0,0,0,40,24,0,0,0,0,40,0,0,40,0,0,40,0,0,0,0,0,40,40,0,24,0,0,40,40,0,0,0,0,24,0,0,40,40,0,0,0,0,40,40,0,40,0,0,125000,80000,71250,59000,59000,59000,125000,107500,76000,104000,77000,77000,125000,125000,98250,59000,59000,59000,104000,77000,77000,125000,125000,98250,59000,59000,59000,125000,107500,76000,125000,85750,85750
5.276e+08,7,1,0,3,1,0,.4009505,5,4,5,5,5,5,5,5,5,5,1,2,1,2,1,2,1,2,1,57,53,0,40,0,0,0,0,0,0,0,0,0,0,0,24,0,0,0,0,0,0,0,0,24,0,0,0,0,0,0,0,0,0,0,0,36,0,0,0,0,0,36,36,0,21.6,0,0,36,36,0,0,0,0,21.6,0,0,36,36,0,0,0,0,36,36,0,36,0,0,80000,43000,43000,41000,41000,41000,69500,69500,52000,62000,47000,47000,80000,72500,65000,41000,41000,41000,62000,47000,47000,80000,72500,65000,41000,41000,41000,69500,69500,52000,69500,54500,54500
5.277e+08,3,0,0,-4,0,1,.3269028,5,5,5,5,5,5,5,5,5,5,1,1,1,1,2,2,9,9,9,53,46,0,0,0,0,0,0,0,0,0,0,0,0,0,0,0,0,0,0,0,0,0,0,0,0,0,0,0,0,0,0,0,0,0,0,25,0,0,0,0,0,25,25,0,25,0,0,25,25,0,0,0,0,25,0,0,25,25,0,0,0,0,25,25,0,25,0,0,6000,4200,4200,2700,2700,2700,6000,6000,4800,6000,3600,3600,6000,6000,5400,2700,2700,2700,6000,3600,3600,6000,6000,5400,2700,2700,2700,6000,6000,4800,6000,3300,3300
5.277e+08,2,0,0,3,0,0,-1.529395,4,5,6,5,5,4,4,5,5,4,2,2,2,2,2,2,1,2,1,52,53,0,50,50,0,50,0,0,50,50,0,50,0,0,50,50,0,50,0,0,50,0,0,50,50,0,50,0,0,50,50,0,50,50,0,25,0,0,0,0,0,25,25,0,25,0,0,25,25,0,0,0,0,25,0,0,25,25,0,0,0,0,25,25,0,25,0,0,16000,10400,10400,6400,6400,6400,16000,16000,12000,16000,11200,11200,16000,16000,12800,6400,6400,6400,16000,11200,11200,16000,16000,12800,6400,6400,6400,16000,16000,12000,16000,9600,9600
5.277e+08,2,0,0,2,0,0,.6582599,6,6,7,7,10,10,8,8,4,4,2,2,2,2,1,2,2,2,2,52,52,0,40,40,0,0,0,0,40,0,0,0,0,0,40,24,0,0,0,0,0,0,0,40,24,0,0,0,0,40,0,0,40,0,0,40,0,0,0,0,0,40,40,0,24,0,0,40,40,0,0,0,0,24,0,0,40,40,0,0,0,0,40,40,0,40,0,0,93000,69600,55250,49650,49650,49650,93000,78650,63050,74550,58950,58950,93000,93000,74400,49650,49650,49650,74550,58950,58950,93000,93000,74400,49650,49650,49650,93000,78650,63050,93000,61000,61000
5.280e+08,-1,0,0,5,0,0,-.7537628,5,5,5,5,5,1,5,1,99,5,1,2,2,2,2,2,1,1,1,49,55,0,40,40,0,40,40,0,40,40,0,40,40,0,40,40,0,40,40,0,40,40,0,40,40,0,40,40,0,40,40,0,40,40,0,35,0,0,0,0,0,35,35,0,35,0,0,35,35,0,0,0,0,35,0,0,35,35,0,0,0,0,35,35,0,35,0,0,50000,41000,29000,42000,42000,27000,50000,50000,27000,50000,40000,28000,50000,50000,33500,42000,42000,27000,50000,40000,28000,50000,50000,33500,42000,42000,27000,50000,50000,27000,50000,41000,24500
5.283e+08,1,1,0,0,1,0,.0956986,1,1,4,3,10,8,8,8,8,9,2,2,2,2,1,1,2,2,2,51,50,0,40,40,0,0,0,0,40,0,0,0,0,0,40,24,0,0,0,0,0,0,0,40,24,0,0,0,0,40,0,0,40,0,0,50,0,0,0,0,0,50,50,0,30,0,0,50,50,0,0,0,0,30,0,0,50,50,0,0,0,0,50,50,0,50,0,0,185000,141000,126000,74000,74000,74000,185000,151250,118250,147500,92500,92500,185000,185000,131250,74000,74000,74000,147500,92500,92500,185000,185000,131250,74000,74000,74000,185000,151250,118250,185000,101750,101750
5.283e+08,7,1,0,4,1,1,-.5260931,5,2,4,3,2,2,3,2,1,1,2,1,9,9,9,9,2,2,2,57,54,0,8,0,0,0,0,0,0,0,0,0,0,0,8,0,0,0,0,0,0,0,0,8,0,0,0,0,0,0,0,0,0,0,0,7,0,0,0,0,0,7,7,0,7,0,0,7,7,0,0,0,0,7,0,0,7,7,0,0,0,0,7,7,0,7,0,0,35000,24250,24250,18000,18000,18000,25000,25000,20500,25000,17500,17500,35000,27000,23250,18000,18000,18000,25000,17500,17500,35000,27000,23250,18000,18000,18000,25000,25000,20500,28000,21250,21250
5.284e+08,7,0,1,3,0,0,.0879739,1,3,7,7,3,3,3,10,10,3,2,1,2,2,2,2,1,1,1,57,53,0,40,0,0,0,0,0,0,0,0,0,0,0,24,0,0,0,0,0,0,0,0,24,0,0,0,0,0,0,0,0,0,0,0,35,0,0,0,0,0,35,35,0,35,0,0,35,35,0,0,0,0,35,0,0,35,35,0,0,0,0,35,35,0,35,0,0,76500,51775,51775,40025,40025,40025,62300,62300,47950,60525,48225,48225,76500,67625,55325,40025,40025,40025,60525,48225,48225,76500,67625,55325,40025,40025,40025,62300,62300,47950,60525,48225,48225
5.291e+08,2,1,0,1,1,0,-1.433016,2,2,1,1,6,6,1,1,6,6,2,2,2,1,1,1,1,2,1,52,51,0,40,40,0,0,0,0,40,0,0,0,0,0,40,24,0,0,0,0,0,0,0,40,24,0,0,0,0,40,0,0,40,0,0,20,0,0,0,0,0,20,20,0,20,0,0,20,20,0,0,0,0,20,0,0,20,20,0,0,0,0,20,20,0,20,0,0,93000,90200,56200,37200,37200,37200,93000,63250,60450,50500,48100,48100,93000,93000,73600,37200,37200,37200,50500,48100,48100,93000,93000,73600,37200,37200,37200,93000,63250,60450,93000,64300,64300
5.292e+08,5,0,0,4,0,1,-.5288441,6,5,5,5,5,5,8,8,4,4,2,2,2,1,2,1,2,1,2,55,54,0,40,40,0,0,0,0,40,0,0,0,0,0,40,24,0,0,0,0,0,0,0,40,24,0,0,0,0,40,0,0,40,0,0,25,0,0,0,0,0,25,25,0,25,0,0,25,25,0,0,0,0,25,0,0,25,25,0,0,0,0,25,25,0,25,0,0,46000,42500,29900,27100,27100,27100,46000,35200,31700,31600,27100,27100,46000,46000,30600,27100,27100,27100,31600,27100,27100,46000,46000,30600,27100,27100,27100,46000,35200,31700,46000,28900,28900
5.293e+08,6,0,1,6,1,0,-.0650915,7,7,1,1,5,2,1,1,8,6,1,1,1,2,2,2,2,9,2,56,56,0,60,60,0,0,0,0,60,0,0,0,0,0,60,36,0,0,0,0,0,0,0,60,36,0,0,0,0,60,0,0,60,0,0,35,0,0,0,0,0,35,35,0,35,0,0,35,35,0,0,0,0,35,0,0,35,35,0,0,0,0,35,35,0,35,0,0,92000,88400,60400,54000,54000,54000,92000,64000,60400,48000,42600,42600,92000,92000,74200,54000,54000,54000,48000,42600,42600,92000,92000,74200,54000,54000,54000,92000,64000,60400,92000,64400,64400
5.295e+08,6,1,0,-2,1,0,-.2094929,5,5,5,5,5,5,1,1,9,9,1,1,1,2,1,1,1,1,1,56,48,0,0,0,0,0,0,0,0,0,0,0,0,0,0,0,0,0,0,0,0,0,0,0,0,0,0,0,0,0,0,0,0,0,0,45,0,0,0,0,0,45,45,0,27,0,0,45,45,0,0,0,0,27,0,0,45,45,0,0,0,0,45,45,0,45,0,0,164000,141500,141500,107500,107500,107500,155500,155500,137500,113000,90500,90500,147000,147000,138000,107500,107500,107500,113000,90500,90500,147000,147000,138000,107500,107500,107500,155500,155500,137500,138500,118250,118250
5.296e+08,-4,0,0,6,0,0,-.7886211,1,2,8,8,10,10,8,8,10,10,2,2,2,1,1,1,2,1,1,46,56,0,40,40,40,40,40,40,40,40,40,40,40,40,40,40,40,40,40,40,40,40,40,40,40,40,40,40,40,40,40,40,40,40,40,40,0,0,0,0,0,40,40,0,24,0,0,40,40,0,0,0,0,24,0,0,40,40,0,0,0,0,40,40,0,40,0,0,100000,77500,77500,75000,75000,75000,100000,100000,82500,100000,77500,77500,100000,100000,87500,75000,75000,75000,100000,77500,77500,100000,100000,87500,75000,75000,75000,100000,100000,82500,100000,75000,75000
5.299e+08,3,1,0,3,0,0,-1.21652,2,5,5,5,5,3,4,5,8,5,1,1,1,2,1,2,2,2,2,53,53,0,40,40,0,0,0,0,40,0,0,0,0,0,40,24,0,0,0,0,0,0,0,40,24,0,0,0,0,40,0,0,40,0,0,22,0,0,0,0,0,22,22,0,22,0,0,22,22,0,0,0,0,22,0,0,22,22,0,0,0,0,22,22,0,22,0,0,207000,197100,141600,92050,92050,92050,207000,114500,106800,105250,95350,95350,207000,207000,129700,92050,92050,92050,105250,95350,95350,207000,207000,129700,92050,92050,92050,207000,114500,106800,207000,125300,125300
5.299e+08,4,0,0,5,1,0,.4119377,1,1,1,1,1,1,1,1,1,1,1,1,1,1,2,1,9,9,9,54,55,0,40,40,0,40,0,0,40,40,0,40,0,0,40,40,0,40,0,0,40,0,0,40,40,0,40,0,0,40,40,0,40,40,0,45,0,0,0,0,0,45,45,0,27,0,0,45,45,0,0,0,0,27,0,0,45,45,0,0,0,0,45,45,0,45,0,0,107000,77300,60900,80600,64200,64200,107000,107000,68750,107000,52700,52700,107000,107000,86050,80600,64200,64200,107000,52700,52700,107000,107000,86050,80600,64200,64200,107000,107000,68750,107000,77300,56800
9.034e+08,4,0,0,-1,1,0,-.4540398,2,2,2,2,3,3,3,3,5,5,1,1,1,1,1,1,1,2,1,54,49,0,45,0,0,0,0,0,0,0,0,0,0,0,27,0,0,0,0,0,0,0,0,27,0,0,0,0,0,0,0,0,0,0,0,30,0,0,0,0,0,30,30,0,30,0,0,30,30,0,0,0,0,30,0,0,30,30,0,0,0,0,30,30,0,30,0,0,82000,58500,58500,46800,46800,46800,57500,57500,53900,50500,44500,44500,82000,54000,52200,46800,46800,46800,50500,44500,44500,82000,54000,52200,46800,46800,46800,57500,57500,53900,47000,42200,42200
9.058e+08,-1,0,1,2,0,0,-.0512933,10,10,10,10,9,8,10,7,10,4,2,1,1,1,1,1,1,1,1,49,52,0,40,40,0,40,0,0,40,40,0,40,0,0,40,40,0,40,0,0,40,0,0,40,40,0,40,0,0,40,40,0,40,40,0,40,0,0,0,0,0,40,40,0,24,0,0,40,40,0,0,0,0,24,0,0,40,40,0,0,0,0,40,40,0,40,0,0,58200,43200,33330,43200,30510,30510,58200,58200,36330,58200,32010,32010,58200,58200,43830,43200,30510,30510,58200,32010,32010,58200,58200,43830,43200,30510,30510,58200,58200,36330,58200,43200,30510
9.059e+08,4,0,0,5,1,0,-.1334733,10,1,1,1,1,1,1,3,5,5,2,1,2,1,1,1,2,2,9,54,55,0,30,30,0,30,0,0,30,30,0,30,0,0,30,30,0,30,0,0,30,0,0,30,30,0,30,0,0,30,30,0,30,30,0,60,0,0,0,0,0,60,60,0,36,0,0,60,60,0,0,0,0,36,0,0,60,60,0,0,0,0,60,60,0,60,0,0,82000,53300,53300,32800,32800,32800,82000,82000,53300,82000,41000,41000,82000,82000,73800,32800,32800,32800,82000,41000,41000,82000,82000,73800,32800,32800,32800,82000,82000,53300,82000,45100,45100
9.071e+08,3,0,0,2,0,0,.6301724,7,7,6,6,7,6,7,7,6,6,1,2,2,2,2,2,2,2,2,53,52,0,40,40,0,0,0,0,40,0,0,0,0,0,40,24,0,0,0,0,0,0,0,40,24,0,0,0,0,40,0,0,40,0,0,50,0,0,0,0,0,50,50,0,30,0,0,50,50,0,0,0,0,30,0,0,50,50,0,0,0,0,50,50,0,50,0,0,38000,19000,19000,22800,22800,22800,38000,38000,26600,38000,20900,20900,38000,38000,32300,22800,22800,22800,38000,20900,20900,38000,38000,32300,22800,22800,22800,38000,38000,26600,38000,22800,22800
9.084e+08,0,0,0,6,1,0,.4428015,8,8,7,7,7,7,9,9,8,8,2,1,2,1,2,1,2,2,2,50,56,0,40,40,0,40,40,0,40,40,0,40,40,0,40,40,0,40,40,0,40,40,0,40,40,0,40,40,0,40,40,0,40,40,0,40,0,0,0,0,0,40,40,0,24,0,0,40,40,0,0,0,0,24,0,0,40,40,0,0,0,0,40,40,0,40,0,0,270293.4,254293.4,150661.3,248293.4,248293.4,121632,270293.4,270293.4,139146.7,270293.4,252293.4,137146.7,270293.4,270293.4,147146.7,248293.4,248293.4,121632,270293.4,252293.4,137146.7,270293.4,270293.4,147146.7,248293.4,248293.4,121632,270293.4,270293.4,139146.7,270293.4,258293.4,143146.7
9.095e+08,5,0,0,6,1,0,-.0114696,10,10,10,10,10,10,9,9,10,10,1,2,1,1,1,9,1,2,1,55,56,0,40,40,0,40,0,0,40,40,0,40,0,0,40,40,0,40,0,0,40,0,0,40,40,0,40,0,0,40,40,0,40,40,0,40,0,0,0,0,0,40,40,0,24,0,0,40,40,0,0,0,0,24,0,0,40,40,0,0,0,0,40,40,0,40,0,0,101000,83000,60600,80750,47150,47150,101000,101000,64550,101000,55550,55550,101000,101000,67900,80750,47150,47150,101000,55550,55550,101000,101000,67900,80750,47150,47150,101000,101000,64550,101000,80750,58350
9.099e+08,1,0,0,4,0,0,.3053817,2,5,2,5,9,8,2,5,2,8,2,2,2,2,2,2,2,1,2,51,54,0,40,40,0,40,0,0,40,40,0,40,0,0,40,40,0,40,0,0,40,0,0,40,40,0,40,0,0,40,40,0,40,40,0,40,0,0,0,0,0,40,40,0,24,0,0,40,40,0,0,0,0,24,0,0,40,40,0,0,0,0,40,40,0,40,0,0,125000,100500,73000,90000,57000,57000,125000,125000,87500,125000,73000,73000,125000,125000,90500,90000,57000,57000,125000,73000,73000,125000,125000,90500,90000,57000,57000,125000,125000,87500,125000,97000,75000
9.135e+08,2,0,0,1,0,0,.6931472,6,6,2,2,5,5,7,7,2,2,2,2,2,2,1,1,2,1,1,52,51,0,40,40,0,0,0,0,40,0,0,0,0,0,40,24,0,0,0,0,0,0,0,40,24,0,0,0,0,40,0,0,40,0,0,40,0,0,0,0,0,40,40,0,24,0,0,40,40,0,0,0,0,24,0,0,40,40,0,0,0,0,40,40,0,40,0,0,218000,172400,146400,98100,98100,98100,218000,186800,152600,176400,142200,142200,218000,218000,175400,98100,98100,98100,176400,142200,142200,218000,218000,175400,98100,98100,98100,218000,186800,152600,218000,136000,136000
9.162e+08,-3,1,1,4,1,1,-.7824278,5,99,5,5,5,5,5,5,5,5,2,1,2,1,2,1,2,1,1,47,54,0,45,45,45,45,45,45,45,45,45,45,45,45,45,45,45,45,45,45,45,45,45,45,45,45,45,45,45,45,45,45,45,45,45,35,0,0,0,0,0,35,35,0,35,0,0,35,35,0,0,0,0,35,0,0,35,35,0,0,0,0,35,35,0,35,0,0,98000,89000,89000,88100,88100,88100,98000,98000,91700,98000,89900,89900,98000,98000,94400,88100,88100,88100,98000,89900,89900,98000,98000,94400,88100,88100,88100,98000,98000,91700,98000,89000,89000
9.171e+08,4,1,0,-2,1,1,-.1085222,10,10,10,10,8,8,99,99,9,9,2,2,2,1,1,1,1,9,9,54,48,0,0,0,0,0,0,0,0,0,0,0,0,0,0,0,0,0,0,0,0,0,0,0,0,0,0,0,0,0,0,0,0,0,0,40,0,0,0,0,0,40,40,0,24,0,0,40,40,0,0,0,0,24,0,0,40,40,0,0,0,0,40,40,0,40,0,0,99300,72750,72750,54300,54300,54300,102400,102400,81750,96200,66700,66700,108600,108600,90900,54300,54300,54300,96200,66700,66700,108600,108600,90900,54300,54300,54300,102400,102400,81750,90000,60500,60500
9.187e+08,5,0,0,2,0,0,.0953102,5,5,1,1,7,1,1,6,7,5,2,2,2,1,1,1,2,1,1,55,52,0,40,0,0,0,0,0,0,0,0,0,0,0,24,0,0,0,0,0,0,0,0,24,0,0,0,0,0,0,0,0,0,0,0,32,0,0,0,0,0,32,32,0,32,0,0,32,32,0,0,0,0,32,0,0,32,32,0,0,0,0,32,32,0,32,0,0,25425,17797.5,17797.5,13533.75,13533.75,13533.75,24525,24525,16676.25,23625,16897.5,16897.5,25425,24825,21461.25,13533.75,13533.75,13533.75,23625,16897.5,16897.5,25425,24825,21461.25,13533.75,13533.75,13533.75,24525,24525,16676.25,24075,16226.25,16226.25
9.193e+08,10,0,0,9,1,0,.2017397,7,7,7,7,7,8,7,5,3,2,1,2,2,2,2,2,2,2,2,60,59,0,40,40,0,0,0,0,40,0,0,0,0,0,40,24,0,0,0,0,0,0,0,40,24,0,0,0,0,40,0,0,40,0,0,40,0,0,0,0,0,40,40,0,24,0,0,40,40,0,0,0,0,24,0,0,40,40,0,0,0,0,40,40,0,40,0,0,165000,133000,111750,82000,82000,82000,165000,122500,98500,126750,86750,86750,165000,165000,123000,82000,82000,82000,126750,86750,86750,165000,165000,123000,82000,82000,82000,165000,122500,98500,165000,115500,115500
9.196e+08,-7,0,0,1,1,0,-.1445813,3,3,1,1,1,1,4,3,1,1,2,2,2,1,1,1,2,2,9,43,51,0,42,42,42,42,42,42,42,42,42,42,42,42,42,42,42,42,42,42,42,42,42,42,42,42,42,42,42,42,42,42,42,42,42,2,0,0,0,0,0,2,2,0,2,0,0,2,2,0,0,0,0,2,0,0,2,2,0,0,0,0,2,2,0,2,0,0,71000,62600,62600,61550,61550,61550,71000,71000,62600,71000,63650,63650,71000,71000,64700,61550,61550,61550,71000,63650,63650,71000,71000,64700,61550,61550,61550,71000,71000,62600,71000,64700,64700
9.206e+08,-6,1,0,2,0,0,-.1923719,5,5,5,5,5,4,7,7,7,7,2,2,1,1,1,1,1,2,1,44,52,0,80,80,80,80,80,80,80,80,80,80,80,80,80,80,80,80,80,80,80,80,80,80,80,80,80,80,80,80,80,80,80,80,80,80,0,0,0,0,0,80,80,0,48,0,0,80,80,0,0,0,0,48,0,0,80,80,0,0,0,0,80,80,0,80,0,0,147000,127500,127500,121000,121000,121000,147000,147000,134000,147000,124250,124250,147000,147000,134000,121000,121000,121000,147000,124250,124250,147000,147000,134000,121000,121000,121000,147000,147000,134000,147000,124250,124250
75779041,0,1,0,5,0,0,.463035,5,5,5,5,5,5,5,5,5,5,1,1,1,1,1,1,1,2,1,50,55,1,40,0,0,0,0,0,40,40,0,24,0,0,40,40,0,0,0,0,24,0,0,40,40,0,0,0,0,40,40,0,40,0,0,40,0,0,0,0,0,0,0,0,0,0,0,24,0,0,0,0,0,0,0,0,24,0,0,0,0,0,0,0,0,0,0,0,77000,50050,50050,40350,40350,40350,60350,60350,52350,60350,40350,40350,77000,67750,57750,40350,40350,40350,60350,40350,40350,77000,67750,57750,40350,40350,40350,60350,60350,52350,60350,46350,46350
1.401e+08,-5,1,1,1,0,0,.117783,3,3,5,4,4,4,8,5,5,5,2,2,2,2,1,1,2,1,1,45,51,1,40,0,0,0,0,0,40,40,0,24,0,0,40,40,0,0,0,0,24,0,0,40,40,0,0,0,0,40,40,0,40,0,0,0,0,0,0,0,0,0,0,0,0,0,0,0,0,0,0,0,0,0,0,0,0,0,0,0,0,0,0,0,0,0,0,0,45720,32220,32220,28680,28680,28680,48840,48840,39390,42600,33150,33150,47280,47280,40530,28680,28680,28680,42600,33150,33150,47280,47280,40530,28680,28680,28680,48840,48840,39390,44160,32010,32010
1.538e+08,8,1,0,8,0,0,1.075149,3,1,1,1,4,5,7,7,5,4,2,2,2,1,2,1,1,1,1,58,58,1,40,0,0,0,0,0,40,40,0,24,0,0,40,40,0,0,0,0,24,0,0,40,40,0,0,0,0,40,40,0,40,0,0,32,32,0,0,0,0,32,0,0,0,0,0,32,32,0,0,0,0,0,0,0,32,32,0,0,0,0,32,0,0,32,0,0,106800,53400,53400,53400,53400,53400,106800,106800,80100,106800,69420,69420,106800,106800,96120,53400,53400,53400,106800,69420,69420,106800,106800,96120,53400,53400,53400,106800,106800,80100,106800,64080,64080
5.000e+08,7,0,0,7,0,1,.8450632,1,1,1,1,7,7,3,3,7,3,1,2,2,1,2,2,2,1,1,57,57,1,40,0,0,0,0,0,40,40,0,24,0,0,40,40,0,0,0,0,24,0,0,40,40,0,0,0,0,40,40,0,40,0,0,20,20,0,0,0,0,20,0,0,0,0,0,20,20,0,0,0,0,0,0,0,20,20,0,0,0,0,20,0,0,20,0,0,74000,50000,45800,34700,34700,34700,74000,68400,44400,68400,38400,38400,74000,74000,53200,34700,34700,34700,68400,38400,38400,74000,74000,53200,34700,34700,34700,74000,68400,44400,74000,43700,43700
5.001e+08,7,0,1,6,0,0,-.0560895,7,4,8,6,2,2,6,2,2,2,1,2,2,2,2,2,1,1,2,57,56,1,40,0,0,0,0,0,40,40,0,24,0,0,40,40,0,0,0,0,24,0,0,40,40,0,0,0,0,40,40,0,40,0,0,40,40,0,40,0,0,40,40,0,40,0,0,40,40,0,40,0,0,40,0,0,40,40,0,40,0,0,40,40,0,40,40,0,90000,72500,58500,70000,50000,50000,90000,90000,60000,90000,51000,51000,90000,90000,71000,70000,50000,50000,90000,51000,51000,90000,90000,71000,70000,50000,50000,90000,90000,60000,90000,75000,63000
5.001e+08,12,0,0,7,0,0,1.098612,8,8,8,8,8,8,8,8,99,8,1,1,1,1,1,9,1,1,1,62,57,1,20,0,0,0,0,0,20,20,0,20,0,0,20,20,0,0,0,0,20,0,0,20,20,0,0,0,0,20,20,0,20,0,0,20,20,0,20,20,0,20,20,0,20,20,0,20,20,0,20,20,0,20,20,0,20,20,0,20,20,0,20,20,0,20,20,0,16000,12000,7200,12000,12000,8000,16000,16000,8000,16000,13600,8800,16000,16000,10400,12000,12000,8000,16000,13600,8800,16000,16000,10400,12000,12000,8000,16000,16000,8000,16000,12000,7200
5.001e+08,-4,0,0,9,0,0,.6408544,5,10,1,1,10,10,1,1,5,1,2,1,2,1,1,1,1,1,1,46,59,1,50,0,0,0,0,0,50,50,0,30,0,0,50,50,0,0,0,0,30,0,0,50,50,0,0,0,0,50,50,0,50,0,0,0,0,0,0,0,0,0,0,0,0,0,0,0,0,0,0,0,0,0,0,0,0,0,0,0,0,0,0,0,0,0,0,0,95800,65800,65800,49200,49200,49200,92600,92600,77600,91000,64750,64750,99000,99000,80250,49200,49200,49200,91000,64750,64750,99000,99000,80250,49200,49200,49200,92600,92600,77600,95800,62050,62050
5.002e+08,9,0,0,8,1,0,1.098612,5,2,5,4,5,3,5,4,5,2,2,2,2,1,2,1,2,1,9,59,58,1,40,0,0,0,0,0,40,40,0,24,0,0,40,40,0,0,0,0,24,0,0,40,40,0,0,0,0,40,40,0,40,0,0,28,28,0,28,0,0,28,28,0,28,0,0,28,28,0,28,0,0,28,0,0,28,28,0,28,0,0,28,28,0,28,28,0,255000,173000,155500,132000,107000,107000,255000,255000,183750,255000,171000,171000,255000,255000,186250,132000,107000,107000,255000,171000,171000,255000,255000,186250,132000,107000,107000,255000,255000,183750,255000,183250,160750
5.003e+08,7,1,0,4,1,0,-1.566157,1,1,1,1,1,1,1,1,1,1,2,1,2,1,1,1,1,2,1,57,54,1,24,0,0,0,0,0,24,24,0,24,0,0,24,24,0,0,0,0,24,0,0,24,24,0,0,0,0,24,24,0,24,0,0,40,40,0,40,0,0,40,40,0,40,0,0,40,40,0,40,0,0,40,0,0,40,40,0,40,0,0,40,40,0,40,40,0,175000,141750,101750,132250,88250,88250,175000,175000,106500,175000,93000,93000,175000,175000,125500,132250,88250,88250,175000,93000,93000,175000,175000,125500,132250,88250,88250,175000,175000,106500,175000,141750,105750
5.003e+08,9,1,0,4,1,0,-1.398129,5,3,7,6,8,7,6,5,5,4,2,1,1,2,9,2,2,2,2,59,54,1,50,0,0,0,0,0,50,50,0,30,0,0,50,50,0,0,0,0,30,0,0,50,50,0,0,0,0,50,50,0,50,0,0,50,50,0,50,50,0,50,50,0,50,50,0,50,50,0,50,50,0,50,50,0,50,50,0,50,50,0,50,50,0,50,50,0,110000,110000,44000,110000,110000,60500,110000,110000,60500,110000,110000,44000,110000,110000,60500,110000,110000,60500,110000,110000,44000,110000,110000,60500,110000,110000,60500,110000,110000,60500,110000,110000,49500
5.003e+08,8,0,0,6,0,0,.3056198,10,1,4,5,6,2,6,99,9,7,2,1,1,2,2,1,1,1,1,58,56,1,60,0,0,0,0,0,60,60,0,36,0,0,60,60,0,0,0,0,36,0,0,60,60,0,0,0,0,60,60,0,60,0,0,30,30,0,30,0,0,30,30,0,30,0,0,30,30,0,30,0,0,30,0,0,30,30,0,30,0,0,30,30,0,30,30,0,49000,39400,30900,36200,29400,29400,49000,49000,35050,49000,27600,27600,49000,49000,35800,36200,29400,29400,49000,27600,27600,49000,49000,35800,36200,29400,29400,49000,49000,35050,49000,37800,31850
5.003e+08,8,0,0,4,0,0,1.098612,7,4,6,2,3,3,1,4,2,2,2,1,2,2,2,2,2,2,2,58,54,1,50,0,0,0,0,0,50,50,0,30,0,0,50,50,0,0,0,0,30,0,0,50,50,0,0,0,0,50,50,0,50,0,0,32,32,0,32,32,0,32,32,0,32,32,0,32,32,0,32,32,0,32,32,0,32,32,0,32,32,0,32,32,0,32,32,0,55000,55000,30250,55000,55000,27500,55000,55000,22000,55000,55000,22000,55000,55000,24750,55000,55000,27500,55000,55000,22000,55000,55000,24750,55000,55000,27500,55000,55000,22000,55000,55000,27500
5.004e+08,9,0,0,0,0,0,1.098612,5,5,5,6,7,6,4,7,4,7,1,2,2,2,2,2,2,2,2,59,50,1,50,0,0,0,0,0,50,50,0,30,0,0,50,50,0,0,0,0,30,0,0,50,50,0,0,0,0,50,50,0,50,0,0,40,40,40,40,40,40,40,40,40,40,40,40,40,40,40,40,40,40,40,40,40,40,40,40,40,40,40,40,40,40,40,40,40,90000,90000,90000,90000,90000,90000,90000,90000,90000,90000,90000,90000,90000,90000,90000,90000,90000,90000,90000,90000,90000,90000,90000,90000,90000,90000,90000,90000,90000,90000,90000,90000,90000
5.004e+08,8,0,0,12,1,0,.1743534,5,5,3,3,10,10,10,5,5,1,2,1,1,1,1,1,1,1,1,58,62,1,50,0,0,0,0,0,50,50,0,30,0,0,50,50,0,0,0,0,30,0,0,50,50,0,0,0,0,50,50,0,50,0,0,40,0,0,0,0,0,0,0,0,0,0,0,24,0,0,0,0,0,0,0,0,24,0,0,0,0,0,0,0,0,0,0,0,90500,58500,58500,45575,45575,45575,48500,48500,45900,44300,42025,42025,90500,69500,68200,45575,45575,45575,44300,42025,42025,90500,69500,68200,45575,45575,45575,48500,48500,45900,48500,45900,45900
5.004e+08,11,1,1,8,0,1,.2514229,7,5,4,4,9,7,3,5,10,7,2,1,1,1,1,1,1,1,1,61,58,1,40,0,0,0,0,0,40,40,0,24,0,0,40,40,0,0,0,0,24,0,0,40,40,0,0,0,0,40,40,0,40,0,0,40,40,0,40,0,0,40,40,0,40,0,0,40,40,0,40,0,0,40,0,0,40,40,0,40,0,0,40,40,0,40,40,0,88000,64800,51300,53200,41200,41200,88000,88000,62900,88000,45400,45400,88000,88000,67200,53200,41200,41200,88000,45400,45400,88000,88000,67200,53200,41200,41200,88000,88000,62900,88000,59000,45500
5.004e+08,9,1,0,8,1,0,.0283995,5,5,1,1,8,8,5,5,10,10,2,2,2,1,2,2,1,1,1,59,58,1,40,0,0,0,0,0,40,40,0,24,0,0,40,40,0,0,0,0,24,0,0,40,40,0,0,0,0,40,40,0,40,0,0,38,38,0,38,0,0,38,38,0,38,0,0,38,38,0,38,0,0,38,0,0,38,38,0,38,0,0,38,38,0,38,38,0,152000,128000,95600,104000,68000,68000,152000,152000,110800,152000,83200,83200,152000,152000,96000,104000,68000,68000,152000,83200,83200,152000,152000,96000,104000,68000,68000,152000,152000,110800,152000,128000,95600
5.005e+08,7,0,0,4,0,0,.5090415,1,1,1,1,1,1,1,1,1,1,2,1,2,1,1,1,1,1,1,57,54,1,10,0,0,0,0,0,10,10,0,10,0,0,10,10,0,0,0,0,10,0,0,10,10,0,0,0,0,10,10,0,10,0,0,40,40,0,40,0,0,40,40,0,40,0,0,40,40,0,40,0,0,40,0,0,40,40,0,40,0,0,40,40,0,40,40,0,96000,71600,61100,62450,48450,48450,96000,96000,70250,96000,55850,55850,96000,96000,74600,62450,48450,48450,96000,55850,55850,96000,96000,74600,62450,48450,48450,96000,96000,70250,96000,65500,55000
5.005e+08,10,0,0,11,0,0,.9841681,4,1,4,5,5,7,6,8,7,5,2,1,2,1,2,1,1,1,1,60,61,1,45,0,0,0,0,0,45,45,0,27,0,0,45,45,0,0,0,0,27,0,0,45,45,0,0,0,0,45,45,0,45,0,0,40,40,0,0,0,0,40,0,0,0,0,0,40,24,0,0,0,0,0,0,0,40,24,0,0,0,0,40,0,0,40,0,0,82000,50500,47500,38100,38100,38100,82000,76600,52100,75400,47400,47400,82000,82000,67300,38100,38100,38100,75400,47400,47400,82000,82000,67300,38100,38100,38100,82000,76600,52100,82000,42200,42200
5.005e+08,11,0,0,3,0,0,1.098612,7,3,4,5,2,6,7,6,2,7,1,2,2,2,1,2,2,1,2,61,53,1,40,0,0,0,0,0,40,40,0,24,0,0,40,40,0,0,0,0,24,0,0,40,40,0,0,0,0,40,40,0,40,0,0,45,45,45,45,45,45,45,45,45,45,45,45,45,45,45,45,45,45,45,45,45,45,45,45,45,45,45,45,45,45,45,45,45,30000,30000,30000,30000,30000,30000,30000,30000,30000,30000,30000,30000,30000,30000,30000,30000,30000,30000,30000,30000,30000,30000,30000,30000,30000,30000,30000,30000,30000,30000,30000,30000,30000
5.006e+08,10,1,1,10,1,0,.0120726,6,6,4,4,4,4,2,2,4,4,1,2,2,1,1,1,1,1,1,60,60,1,40,0,0,0,0,0,40,40,0,24,0,0,40,40,0,0,0,0,24,0,0,40,40,0,0,0,0,40,40,0,40,0,0,15,15,0,0,0,0,15,0,0,0,0,0,15,15,0,0,0,0,0,0,0,15,15,0,0,0,0,15,0,0,15,0,0,40000,27400,24400,16600,16600,16600,40000,35200,29600,33400,19400,19400,40000,40000,29400,16600,16600,16600,33400,19400,19400,40000,40000,29400,16600,16600,16600,40000,35200,29600,40000,20600,20600
5.006e+08,8,0,0,0,0,0,-.5409232,3,3,7,7,5,7,6,4,3,3,1,2,1,2,1,9,1,1,2,58,50,1,40,0,0,0,0,0,40,40,0,24,0,0,40,40,0,0,0,0,24,0,0,40,40,0,0,0,0,40,40,0,40,0,0,30,30,30,30,30,30,30,30,30,30,30,30,30,30,30,30,30,30,30,30,30,30,30,30,30,30,30,30,30,30,30,30,30,30000,16500,16500,12000,12000,12000,30000,30000,24000,30000,19500,19500,30000,30000,21000,12000,12000,12000,30000,19500,19500,30000,30000,21000,12000,12000,12000,30000,30000,24000,30000,19500,19500
5.006e+08,9,0,0,9,1,1,-.2684011,5,3,6,6,7,7,6,7,7,3,1,1,1,1,2,1,1,2,1,59,59,1,40,0,0,0,0,0,40,40,0,24,0,0,40,40,0,0,0,0,24,0,0,40,40,0,0,0,0,40,40,0,40,0,0,40,40,0,0,0,0,40,0,0,0,0,0,40,24,0,0,0,0,0,0,0,40,24,0,0,0,0,40,0,0,40,0,0,120000,94800,77700,59400,59400,59400,120000,102900,77700,88650,60300,60300,120000,120000,93150,59400,59400,59400,88650,60300,60300,120000,120000,93150,59400,59400,59400,120000,102900,77700,120000,71700,71700
5.007e+08,5,0,1,7,0,0,-.1432313,5,99,5,5,7,5,6,5,8,7,1,1,1,2,1,2,1,1,1,55,57,1,40,0,0,0,0,0,40,40,0,24,0,0,40,40,0,0,0,0,24,0,0,40,40,0,0,0,0,40,40,0,40,0,0,40,40,0,0,0,0,40,0,0,0,0,0,40,24,0,0,0,0,0,0,0,40,24,0,0,0,0,40,0,0,40,0,0,82000,73200,49200,49200,49200,49200,82000,61000,55500,58000,49200,49200,82000,82000,64800,49200,49200,49200,58000,49200,49200,82000,82000,64800,49200,49200,49200,82000,61000,55500,82000,46200,46200
5.007e+08,11,1,0,10,1,0,.2993693,5,5,5,5,5,5,5,5,5,5,9,2,2,2,2,2,2,2,2,61,60,1,55,0,0,0,0,0,55,55,0,33,0,0,55,55,0,0,0,0,33,0,0,55,55,0,0,0,0,55,55,0,55,0,0,60,60,0,60,0,0,60,60,0,60,0,0,60,60,0,60,0,0,60,0,0,60,60,0,60,0,0,60,60,0,60,60,0,149000,122500,79300,125150,77150,77150,149000,149000,99000,149000,75500,75500,149000,149000,97350,125150,77150,77150,149000,75500,75500,149000,149000,97350,125150,77150,77150,149000,149000,99000,149000,122500,79300
5.008e+08,7,1,0,10,0,0,.435005,3,5,3,2,6,4,8,7,3,4,2,1,1,2,2,1,2,1,1,57,60,1,40,0,0,0,0,0,40,40,0,24,0,0,40,40,0,0,0,0,24,0,0,40,40,0,0,0,0,40,40,0,40,0,0,40,0,0,0,0,0,0,0,0,0,0,0,24,0,0,0,0,0,0,0,0,24,0,0,0,0,0,0,0,0,0,0,0,49000,29400,29400,29400,29400,29400,49000,49000,29400,49000,24500,24500,49000,49000,44100,29400,29400,29400,49000,24500,24500,49000,49000,44100,29400,29400,29400,49000,49000,29400,49000,24500,24500
5.008e+08,7,1,0,7,1,0,-.5219634,5,3,3,1,2,1,3,1,2,1,2,2,1,2,2,2,2,2,1,57,57,1,35,0,0,0,0,0,35,35,0,35,0,0,35,35,0,0,0,0,35,0,0,35,35,0,0,0,0,35,35,0,35,0,0,40,40,0,0,0,0,40,0,0,0,0,0,40,24,0,0,0,0,0,0,0,40,24,0,0,0,0,40,0,0,40,0,0,94000,74000,58600,49800,49800,49800,94000,76400,58900,74200,59200,59200,94000,94000,63600,49800,49800,49800,74200,59200,59200,94000,94000,63600,49800,49800,49800,94000,76400,58900,94000,63600,63600
5.009e+08,12,1,0,9,0,0,.8846853,5,3,5,8,5,5,5,5,5,5,1,1,1,1,2,1,1,2,1,62,59,1,40,0,0,0,0,0,40,40,0,24,0,0,40,40,0,0,0,0,24,0,0,40,40,0,0,0,0,40,40,0,40,0,0,22,22,0,22,0,0,22,22,0,22,0,0,22,22,0,22,0,0,22,0,0,22,22,0,22,0,0,22,22,0,22,22,0,125000,83000,74000,77750,69750,69750,125000,125000,97000,125000,78250,78250,125000,125000,90750,77750,69750,69750,125000,78250,78250,125000,125000,90750,77750,69750,69750,125000,125000,97000,125000,77750,68750
5.009e+08,11,1,0,8,1,0,1.050808,4,6,3,3,5,5,3,3,7,7,2,2,2,1,1,1,1,1,9,61,58,1,60,0,0,0,0,0,60,60,0,36,0,0,60,60,0,0,0,0,36,0,0,60,60,0,0,0,0,60,60,0,60,0,0,40,40,0,40,0,0,40,40,0,40,0,0,40,40,0,40,0,0,40,0,0,40,40,0,40,0,0,40,40,0,40,40,0,465000,269250,260250,269250,254250,254250,465000,465000,280500,465000,254250,254250,465000,465000,411000,269250,254250,254250,465000,254250,254250,465000,465000,411000,269250,254250,254250,465000,465000,280500,465000,269250,260250
5.009e+08,10,0,0,11,0,0,-.6169252,2,2,2,2,8,8,5,5,9,9,2,1,1,1,1,1,1,1,1,60,61,1,40,0,0,0,0,0,40,40,0,24,0,0,40,40,0,0,0,0,24,0,0,40,40,0,0,0,0,40,40,0,40,0,0,40,40,0,0,0,0,40,0,0,0,0,0,40,24,0,0,0,0,0,0,0,40,24,0,0,0,0,40,0,0,40,0,0,124200,107000,78580,66400,66400,66400,124200,99840,91240,83600,66400,66400,124200,124200,87420,66400,66400,66400,83600,66400,66400,124200,124200,87420,66400,66400,66400,124200,99840,91240,124200,82640,82640
5.009e+08,11,0,0,8,0,0,.0906544,8,9,1,1,5,5,5,5,5,5,1,1,1,1,2,2,2,2,2,61,58,1,40,0,0,0,0,0,40,40,0,24,0,0,40,40,0,0,0,0,24,0,0,40,40,0,0,0,0,40,40,0,40,0,0,45,45,0,45,0,0,45,45,0,45,0,0,45,45,0,45,0,0,45,0,0,45,45,0,45,0,0,45,45,0,45,45,0,120000,91200,74400,91200,64800,64800,120000,120000,80400,120000,55200,55200,120000,120000,81600,91200,64800,64800,120000,55200,55200,120000,120000,81600,91200,64800,64800,120000,120000,80400,120000,98400,74400
5.010e+08,8,0,0,-1,0,0,.0571584,7,8,7,7,8,8,4,5,99,6,1,1,1,9,1,1,1,1,1,58,49,1,42,0,0,0,0,0,42,42,0,25.2,0,0,42,42,0,0,0,0,25.2,0,0,42,42,0,0,0,0,42,42,0,42,0,0,40,40,40,40,40,40,40,40,40,40,40,40,40,40,40,40,40,40,40,40,40,40,40,40,40,40,40,40,40,40,40,40,40,40000,24000,24000,20800,20800,20800,40000,40000,32000,40000,24000,24000,40000,40000,36800,20800,20800,20800,40000,24000,24000,40000,40000,36800,20800,20800,20800,40000,40000,32000,40000,25600,25600
5.010e+08,11,1,0,6,1,0,.6811709,3,5,1,2,5,6,4,4,7,5,2,2,2,1,2,1,1,1,1,61,56,1,40,0,0,0,0,0,40,40,0,24,0,0,40,40,0,0,0,0,24,0,0,40,40,0,0,0,0,40,40,0,40,0,0,40,40,0,40,40,0,40,40,0,40,40,0,40,40,0,40,40,0,40,40,0,40,40,0,40,40,0,40,40,0,40,40,0,120000,92700,71700,77100,77100,60300,120000,120000,69600,120000,88800,72000,120000,120000,87000,77100,77100,60300,120000,88800,72000,120000,120000,87000,77100,77100,60300,120000,120000,69600,120000,84900,66000
5.012e+08,11,1,0,8,0,0,.8288679,7,7,2,2,2,2,2,2,7,7,2,2,2,1,1,1,1,2,1,61,58,1,40,0,0,0,0,0,40,40,0,24,0,0,40,40,0,0,0,0,24,0,0,40,40,0,0,0,0,40,40,0,40,0,0,40,40,0,40,0,0,40,40,0,40,0,0,40,40,0,40,0,0,40,0,0,40,40,0,40,0,0,40,40,0,40,40,0,116000,92000,74000,76000,58000,58000,116000,116000,69600,116000,64200,64200,116000,116000,87400,76000,58000,58000,116000,64200,64200,116000,116000,87400,76000,58000,58000,116000,116000,69600,116000,84000,66000
5.012e+08,12,0,0,11,0,1,.0288375,7,7,6,5,7,7,7,7,7,6,2,1,1,1,2,2,1,1,2,62,61,1,40,0,0,0,0,0,40,40,0,24,0,0,40,40,0,0,0,0,24,0,0,40,40,0,0,0,0,40,40,0,40,0,0,40,40,0,40,0,0,40,40,0,40,0,0,40,40,0,40,0,0,40,0,0,40,40,0,40,0,0,40,40,0,40,40,0,54000,41200,32400,39600,26400,26400,54000,54000,37800,54000,29600,29600,54000,54000,37700,39600,26400,26400,54000,29600,29600,54000,54000,37700,39600,26400,26400,54000,54000,37800,54000,39600,30800
5.012e+08,11,0,0,5,0,0,-.0832233,10,10,10,10,10,10,10,10,10,10,2,1,2,2,2,2,1,1,1,61,55,1,80,0,0,0,0,0,80,80,0,48,0,0,80,80,0,0,0,0,48,0,0,80,80,0,0,0,0,80,80,0,80,0,0,38,38,0,38,38,0,38,38,0,38,38,0,38,38,0,38,38,0,38,38,0,38,38,0,38,38,0,38,38,0,38,38,0,35800,35800,17900,35800,35800,19690,35800,35800,14320,35800,35800,17900,35800,35800,14320,35800,35800,19690,35800,35800,17900,35800,35800,14320,35800,35800,19690,35800,35800,14320,35800,35800,17900
5.012e+08,12,1,0,8,0,0,-.5108256,5,5,5,5,5,5,5,5,1,1,2,1,2,2,2,2,2,2,2,62,58,1,20,0,0,0,0,0,20,20,0,20,0,0,20,20,0,0,0,0,20,0,0,20,20,0,0,0,0,20,20,0,20,0,0,32,32,0,32,32,0,32,32,0,32,32,0,32,32,0,32,32,0,32,32,0,32,32,0,32,32,0,32,32,0,32,32,0,80300,71300,44165,68300,68300,41165,80300,80300,36120,80300,70300,40150,80300,80300,50180,68300,68300,41165,80300,70300,40150,80300,80300,50180,68300,68300,41165,80300,80300,36120,80300,70300,37135
5.013e+08,11,1,0,7,0,0,.6451928,4,4,1,1,9,8,7,4,10,7,2,1,2,1,1,1,2,1,1,61,57,1,50,0,0,0,0,0,50,50,0,30,0,0,50,50,0,0,0,0,30,0,0,50,50,0,0,0,0,50,50,0,50,0,0,40,40,0,40,40,0,40,40,0,40,40,0,40,40,0,40,40,0,40,40,0,40,40,0,40,40,0,40,40,0,40,40,0,87000,61350,47850,55650,55650,39150,87000,87000,55050,87000,69900,51900,87000,87000,61950,55650,55650,39150,87000,69900,51900,87000,87000,61950,55650,55650,39150,87000,87000,55050,87000,69900,51900
5.014e+08,8,1,0,4,0,0,-.0185515,2,1,5,1,1,1,1,1,1,1,1,2,2,2,2,2,2,2,2,58,54,1,30,0,0,0,0,0,30,30,0,30,0,0,30,30,0,0,0,0,30,0,0,30,30,0,0,0,0,30,30,0,30,0,0,40,40,0,40,40,0,40,40,0,40,40,0,40,40,0,40,40,0,40,40,0,40,40,0,40,40,0,40,40,0,40,40,0,60000,60000,36000,60000,60000,27000,60000,60000,24000,60000,60000,24000,60000,60000,33000,60000,60000,27000,60000,60000,24000,60000,60000,33000,60000,60000,27000,60000,60000,24000,60000,60000,24000
5.015e+08,12,0,0,9,0,0,1.098612,8,8,3,3,2,2,2,2,1,1,1,2,2,1,2,2,1,1,1,62,59,1,40,0,0,0,0,0,40,40,0,24,0,0,40,40,0,0,0,0,24,0,0,40,40,0,0,0,0,40,40,0,40,0,0,20,20,0,20,0,0,20,20,0,20,0,0,20,20,0,20,0,0,20,0,0,20,20,0,20,0,0,20,20,0,20,20,0,66000,36000,33900,33000,29400,29400,66000,66000,46200,66000,36300,36300,66000,66000,49200,33000,29400,29400,66000,36300,36300,66000,66000,49200,33000,29400,29400,66000,66000,46200,66000,42000,39900
5.015e+08,8,1,0,0,1,0,.3475523,5,1,5,1,2,1,10,1,5,1,2,2,2,2,1,1,1,1,1,58,50,1,40,0,0,0,0,0,40,40,0,24,0,0,40,40,0,0,0,0,24,0,0,40,40,0,0,0,0,40,40,0,40,0,0,32,32,32,32,32,32,32,32,32,32,32,32,32,32,32,32,32,32,32,32,32,32,32,32,32,32,32,32,32,32,32,32,32,78000,59450,59450,56800,56800,56800,78000,78000,59450,78000,59450,59450,78000,78000,64750,56800,56800,56800,78000,59450,59450,78000,78000,64750,56800,56800,56800,78000,78000,59450,78000,51500,51500
5.015e+08,7,0,0,5,1,0,-1.006805,7,7,2,3,2,2,99,99,99,99,2,2,9,9,9,9,9,9,9,57,55,1,42,0,0,0,0,0,42,42,0,25.2,0,0,42,42,0,0,0,0,25.2,0,0,42,42,0,0,0,0,42,42,0,42,0,0,45,45,0,45,0,0,45,45,0,45,0,0,45,45,0,45,0,0,45,0,0,45,45,0,45,0,0,45,45,0,45,45,0,197000,161650,128050,141450,98250,98250,197000,197000,123750,197000,108850,108850,197000,197000,133100,141450,98250,98250,197000,108850,108850,197000,197000,133100,141450,98250,98250,197000,197000,123750,197000,151550,117950
5.015e+08,11,1,0,10,1,0,.952768,8,2,3,2,4,3,9,6,3,2,2,2,2,1,1,1,2,1,1,61,60,1,40,0,0,0,0,0,40,40,0,24,0,0,40,40,0,0,0,0,24,0,0,40,40,0,0,0,0,40,40,0,40,0,0,50,50,0,50,0,0,50,50,0,50,0,0,50,50,0,50,0,0,50,0,0,50,50,0,50,0,0,50,50,0,50,50,0,82000,53300,53300,32800,32800,32800,82000,82000,53300,82000,53300,53300,82000,82000,65600,32800,32800,32800,82000,53300,53300,82000,82000,65600,32800,32800,32800,82000,82000,53300,82000,57400,57400
5.016e+08,7,0,1,6,0,0,.2734975,5,5,2,2,6,6,1,1,8,8,2,2,2,2,2,2,9,9,2,57,56,1,40,0,0,0,0,0,40,40,0,24,0,0,40,40,0,0,0,0,24,0,0,40,40,0,0,0,0,40,40,0,40,0,0,32,32,0,32,0,0,32,32,0,32,0,0,32,32,0,32,0,0,32,0,0,32,32,0,32,0,0,32,32,0,32,32,0,45000,35000,29000,31250,19250,19250,45000,45000,26000,45000,24750,24750,45000,45000,28750,31250,19250,19250,45000,24750,24750,45000,45000,28750,31250,19250,19250,45000,45000,26000,45000,37500,29500
5.016e+08,12,0,0,12,1,0,1.017041,8,7,6,6,4,4,6,5,5,8,2,1,1,1,2,1,1,1,1,62,62,1,28,0,0,0,0,0,28,28,0,28,0,0,28,28,0,0,0,0,28,0,0,28,28,0,0,0,0,28,28,0,28,0,0,40,40,0,0,0,0,40,0,0,0,0,0,40,24,0,0,0,0,0,0,0,40,24,0,0,0,0,40,0,0,40,0,0,74000,55700,52450,41350,41350,41350,74000,70100,51800,66850,45500,45500,74000,74000,60300,41350,41350,41350,66850,45500,45500,74000,74000,60300,41350,41350,41350,74000,70100,51800,74000,46150,46150
5.017e+08,11,1,0,9,0,1,1.098612,6,1,2,1,5,2,5,2,7,3,2,2,2,1,1,1,2,1,1,61,59,1,40,0,0,0,0,0,40,40,0,24,0,0,40,40,0,0,0,0,24,0,0,40,40,0,0,0,0,40,40,0,40,0,0,32,32,0,32,0,0,32,32,0,32,0,0,32,32,0,32,0,0,32,0,0,32,32,0,32,0,0,32,32,0,32,32,0,80000,45000,41000,38000,34000,34000,80000,80000,47500,80000,42500,42500,80000,80000,65500,38000,34000,34000,80000,42500,42500,80000,80000,65500,38000,34000,34000,80000,80000,47500,80000,55500,50500
5.017e+08,11,1,0,11,1,0,.9167904,1,1,6,3,1,1,8,9,1,1,2,2,1,2,2,2,2,2,2,61,61,1,40,0,0,0,0,0,40,40,0,24,0,0,40,40,0,0,0,0,24,0,0,40,40,0,0,0,0,40,40,0,40,0,0,7,7,0,0,0,0,7,0,0,0,0,0,7,7,0,0,0,0,0,0,0,7,7,0,0,0,0,7,0,0,7,0,0,221000,155300,154700,110400,110400,110400,221000,220100,165350,220100,143450,143450,221000,221000,176600,110400,110400,110400,220100,143450,143450,221000,221000,176600,110400,110400,110400,221000,220100,165350,221000,143550,143550
5.019e+08,12,0,0,4,0,0,1.084876,9,9,9,9,6,10,9,9,6,10,2,2,2,1,2,1,2,2,2,62,54,1,40,0,0,0,0,0,40,40,0,24,0,0,40,40,0,0,0,0,24,0,0,40,40,0,0,0,0,40,40,0,40,0,0,60,60,60,60,60,60,60,60,60,60,60,60,60,60,60,60,60,60,60,60,60,60,60,60,60,60,60,60,60,60,60,60,60,82000,41000,41000,45100,45100,45100,82000,82000,49200,82000,53300,53300,82000,82000,69700,45100,45100,45100,82000,53300,53300,82000,82000,69700,45100,45100,45100,82000,82000,49200,82000,57400,57400
5.020e+08,6,0,1,8,1,0,.1490356,3,1,3,1,7,7,2,2,8,8,1,1,1,1,2,1,1,1,1,56,58,1,50,0,0,0,0,0,50,50,0,30,0,0,50,50,0,0,0,0,30,0,0,50,50,0,0,0,0,50,50,0,50,0,0,40,40,0,0,0,0,40,0,0,0,0,0,40,24,0,0,0,0,0,0,0,40,24,0,0,0,0,40,0,0,40,0,0,48000,35200,29600,26400,26400,26400,48000,43200,35200,40000,25600,25600,48000,48000,38400,26400,26400,26400,40000,25600,25600,48000,48000,38400,26400,26400,26400,48000,43200,35200,48000,30400,30400
5.020e+08,10,1,0,10,1,0,1.098612,6,6,5,5,5,5,7,7,4,4,2,2,2,1,2,1,2,2,2,60,60,1,40,0,0,0,0,0,40,40,0,24,0,0,40,40,0,0,0,0,24,0,0,40,40,0,0,0,0,40,40,0,40,0,0,8,8,0,0,0,0,8,0,0,0,0,0,8,8,0,0,0,0,0,0,0,8,8,0,0,0,0,8,0,0,8,0,0,93000,57000,56250,46500,46500,46500,93000,91800,55800,91650,64650,64650,93000,93000,69450,46500,46500,46500,91650,64650,64650,93000,93000,69450,46500,46500,46500,93000,91800,55800,93000,55800,55800
5.021e+08,12,0,0,5,1,0,-.888597,8,3,9,1,7,3,5,8,7,7,1,2,2,1,1,1,1,1,1,62,55,1,30,0,0,0,0,0,30,30,0,30,0,0,30,30,0,0,0,0,30,0,0,30,30,0,0,0,0,30,30,0,30,0,0,40,40,40,40,40,40,40,40,40,40,40,40,40,40,40,40,40,40,40,40,40,40,40,40,40,40,40,40,40,40,40,40,40,63000,63000,63000,63000,63000,63000,63000,63000,63000,63000,63000,63000,63000,63000,63000,63000,63000,63000,63000,63000,63000,63000,63000,63000,63000,63000,63000,63000,63000,63000,63000,63000,63000
5.023e+08,10,1,0,11,1,1,.1468173,6,1,2,2,9,3,2,9,9,9,1,2,2,1,2,1,1,1,1,60,61,1,40,0,0,0,0,0,40,40,0,24,0,0,40,40,0,0,0,0,24,0,0,40,40,0,0,0,0,40,40,0,40,0,0,40,40,0,0,0,0,40,0,0,0,0,0,40,24,0,0,0,0,0,0,0,40,24,0,0,0,0,40,0,0,40,0,0,272000,191900,163700,122400,122400,122400,272000,239100,203500,229700,167400,167400,272000,272000,204000,122400,122400,122400,229700,167400,167400,272000,272000,204000,122400,122400,122400,272000,239100,203500,272000,158500,158500
5.024e+08,-6,0,0,8,0,0,.6458408,8,9,2,2,6,6,6,6,8,8,2,2,2,2,1,2,2,1,2,44,58,1,40,0,0,0,0,0,40,40,0,24,0,0,40,40,0,0,0,0,24,0,0,40,40,0,0,0,0,40,40,0,40,0,0,0,0,0,0,0,0,0,0,0,0,0,0,0,0,0,0,0,0,0,0,0,0,0,0,0,0,0,0,0,0,0,0,0,51000,30600,30600,30600,30600,30600,51000,51000,40800,51000,30600,30600,51000,51000,35700,30600,30600,30600,51000,30600,30600,51000,51000,35700,30600,30600,30600,51000,51000,40800,51000,30600,30600
5.026e+08,10,0,0,9,0,0,-.3517991,6,4,8,6,4,2,7,5,4,1,1,1,1,2,2,2,2,1,1,60,59,1,65,0,0,0,0,0,65,65,0,39,0,0,65,65,0,0,0,0,39,0,0,65,65,0,0,0,0,65,65,0,65,0,0,40,40,0,40,0,0,40,40,0,40,0,0,40,40,0,40,0,0,40,0,0,40,40,0,40,0,0,40,40,0,40,40,0,55000,52600,35450,52300,25350,25350,55000,55000,36050,55000,25050,25050,55000,55000,39400,52300,25350,25350,55000,25050,25050,55000,55000,39400,52300,25350,25350,55000,55000,36050,55000,53200,38500
5.026e+08,7,0,1,10,0,0,.5843041,2,1,1,3,1,1,4,4,1,1,1,1,1,1,1,1,2,2,1,57,60,1,50,0,0,0,0,0,50,50,0,30,0,0,50,50,0,0,0,0,30,0,0,50,50,0,0,0,0,50,50,0,50,0,0,40,0,0,0,0,0,0,0,0,0,0,0,24,0,0,0,0,0,0,0,0,24,0,0,0,0,0,0,0,0,0,0,0,175000,111000,111000,81000,81000,81000,150250,150250,114250,153000,99000,99000,175000,155750,137750,81000,81000,81000,153000,99000,99000,175000,155750,137750,81000,81000,81000,150250,150250,114250,153000,111000,111000
5.026e+08,9,0,1,4,0,0,1.098612,4,3,7,3,2,3,7,3,2,2,1,2,2,2,1,2,2,2,2,59,54,1,40,0,0,0,0,0,40,40,0,24,0,0,40,40,0,0,0,0,24,0,0,40,40,0,0,0,0,40,40,0,40,0,0,40,40,0,40,40,0,40,40,0,40,40,0,40,40,0,40,40,0,40,40,0,40,40,0,40,40,0,40,40,0,40,40,0,113300,71650,53650,71650,71650,53650,113300,113300,80475,113300,79980,61980,113300,113300,78975,71650,71650,53650,113300,79980,61980,113300,113300,78975,71650,71650,53650,113300,113300,80475,113300,79980,66480
5.027e+08,10,0,0,10,0,0,.5928338,5,6,6,6,5,5,5,5,5,5,2,9,2,2,2,2,2,2,2,60,60,1,50,0,0,0,0,0,50,50,0,30,0,0,50,50,0,0,0,0,30,0,0,50,50,0,0,0,0,50,50,0,50,0,0,35,35,0,0,0,0,35,0,0,0,0,0,35,21,0,0,0,0,0,0,0,35,21,0,0,0,0,35,0,0,35,0,0,80000,56000,56000,44000,44000,44000,80000,80000,60000,80000,56000,56000,80000,80000,60000,44000,44000,44000,80000,56000,56000,80000,80000,60000,44000,44000,44000,80000,80000,60000,80000,56000,56000
5.204e+08,1,0,0,1,1,0,-1.05779,1,1,1,1,8,10,8,5,10,7,1,2,2,2,2,2,2,2,2,51,51,1,50,0,0,0,0,0,50,50,0,30,0,0,50,50,0,0,0,0,30,0,0,50,50,0,0,0,0,50,50,0,50,0,0,50,50,0,0,0,0,50,0,0,0,0,0,50,30,0,0,0,0,0,0,0,50,30,0,0,0,0,50,0,0,50,0,0,32000,32000,22400,12800,12800,12800,32000,22400,22400,12800,12800,12800,32000,32000,25600,12800,12800,12800,12800,12800,12800,32000,32000,25600,12800,12800,12800,32000,22400,22400,32000,20800,20800
5.212e+08,5,1,0,5,1,0,-.6858387,1,1,1,10,1,1,10,10,1,1,2,1,2,2,2,2,2,2,2,55,55,1,50,0,0,0,0,0,50,50,0,30,0,0,50,50,0,0,0,0,30,0,0,50,50,0,0,0,0,50,50,0,50,0,0,10,10,0,0,0,0,10,0,0,0,0,0,10,10,0,0,0,0,0,0,0,10,10,0,0,0,0,10,0,0,10,0,0,15000,15000,10500,6750,6750,6750,15000,7500,7500,9000,9000,9000,15000,15000,9750,6750,6750,6750,9000,9000,9000,15000,15000,9750,6750,6750,6750,15000,7500,7500,15000,9000,9000
5.217e+08,4,0,0,-1,0,1,.6399224,5,3,4,4,1,4,6,4,1,4,2,2,2,1,2,2,2,2,2,54,49,1,44,0,0,0,0,0,44,44,0,26.4,0,0,44,44,0,0,0,0,26.4,0,0,44,44,0,0,0,0,44,44,0,44,0,0,24,24,0,24,24,0,24,24,0,24,24,0,24,24,0,24,24,0,24,24,0,24,24,0,24,24,0,24,24,0,24,24,0,87000,54500,41300,51250,51250,40250,87000,87000,53250,87000,57750,44550,87000,87000,60850,51250,51250,40250,87000,57750,44550,87000,87000,60850,51250,51250,40250,87000,87000,53250,87000,61000,47800
5.220e+08,1,1,1,5,0,1,.3583912,4,1,4,1,8,2,7,3,8,3,2,2,2,1,2,1,1,1,1,51,55,1,45,0,0,0,0,0,45,45,0,27,0,0,45,45,0,0,0,0,27,0,0,45,45,0,0,0,0,45,45,0,45,0,0,40,0,0,0,0,0,0,0,0,0,0,0,24,0,0,0,0,0,0,0,0,24,0,0,0,0,0,0,0,0,0,0,0,100000,67100,67100,45800,45800,45800,87400,87400,72900,83200,65800,65800,100000,87400,72900,45800,45800,45800,83200,65800,65800,100000,87400,72900,45800,45800,45800,87400,87400,72900,81100,57900,57900
5.223e+08,3,0,0,-1,0,0,.5043947,1,5,1,1,1,4,6,1,2,1,2,1,2,1,1,1,2,2,2,53,49,1,50,0,0,0,0,0,50,50,0,30,0,0,50,50,0,0,0,0,30,0,0,50,50,0,0,0,0,50,50,0,50,0,0,45,45,0,45,45,0,45,45,0,45,45,0,45,45,0,45,45,0,45,45,0,45,45,0,45,45,0,45,45,0,45,45,0,147000,115950,80850,115950,115950,73050,147000,147000,84300,147000,115950,73050,147000,147000,89850,115950,115950,73050,147000,115950,73050,147000,147000,89850,115950,115950,73050,147000,147000,84300,147000,115950,73050
5.224e+08,1,1,0,1,1,0,.9000596,2,2,5,5,1,6,5,5,2,2,2,1,2,2,2,2,2,1,1,51,51,1,40,0,0,0,0,0,40,40,0,24,0,0,40,40,0,0,0,0,24,0,0,40,40,0,0,0,0,40,40,0,40,0,0,40,40,0,0,0,0,40,0,0,0,0,0,40,24,0,0,0,0,0,0,0,40,24,0,0,0,0,40,0,0,40,0,0,153500,100250,83800,92100,92100,92100,153500,130000,103375,134700,102750,102750,153500,153500,112150,92100,92100,92100,134700,102750,102750,153500,153500,112150,92100,92100,92100,153500,130000,103375,153500,79100,79100
5.225e+08,1,0,0,3,0,0,-.2036206,6,2,2,7,1,1,8,8,5,1,2,2,2,2,2,1,2,2,2,51,53,1,43,0,0,0,0,0,43,43,0,25.8,0,0,43,43,0,0,0,0,25.8,0,0,43,43,0,0,0,0,43,43,0,43,0,0,20,20,0,0,0,0,20,0,0,0,0,0,20,20,0,0,0,0,0,0,0,20,20,0,0,0,0,20,0,0,20,0,0,24000,13200,13200,12000,12000,12000,24000,24000,15600,24000,15600,15600,24000,24000,21600,12000,12000,12000,24000,15600,15600,24000,24000,21600,12000,12000,12000,24000,24000,15600,24000,16800,16800
5.226e+08,2,1,0,1,1,0,-.1650798,8,3,3,2,8,2,3,2,8,2,2,2,2,1,2,2,1,2,9,52,51,1,40,0,0,0,0,0,40,40,0,24,0,0,40,40,0,0,0,0,24,0,0,40,40,0,0,0,0,40,40,0,40,0,0,40,40,0,40,0,0,40,40,0,40,0,0,40,40,0,40,0,0,40,0,0,40,40,0,40,0,0,40,40,0,40,40,0,182000,150050,111200,150050,100100,100100,182000,182000,119850,182000,101650,101650,182000,182000,121400,150050,100100,100100,182000,101650,101650,182000,182000,121400,150050,100100,100100,182000,182000,119850,182000,153600,120300
5.229e+08,2,0,0,0,0,0,.7817599,1,1,1,1,2,2,3,3,1,1,1,2,1,1,2,1,2,2,2,52,50,1,50,0,0,0,0,0,50,50,0,30,0,0,50,50,0,0,0,0,30,0,0,50,50,0,0,0,0,50,50,0,50,0,0,40,40,0,40,0,0,40,40,0,40,0,0,40,40,0,40,0,0,40,0,0,40,40,0,40,0,0,40,40,0,40,40,0,95000,54500,52750,45500,43250,43250,95000,95000,66500,95000,61000,61000,95000,95000,70500,45500,43250,43250,95000,61000,61000,95000,95000,70500,45500,43250,43250,95000,95000,66500,95000,54500,52000
5.231e+08,1,1,0,2,1,0,.6726686,2,1,1,1,7,5,8,4,7,6,2,1,2,1,1,1,1,1,1,51,52,1,50,0,0,0,0,0,50,50,0,30,0,0,50,50,0,0,0,0,30,0,0,50,50,0,0,0,0,50,50,0,50,0,0,50,50,0,0,0,0,50,0,0,0,0,0,50,30,0,0,0,0,0,0,0,50,30,0,0,0,0,50,0,0,50,0,0,209000,161750,139550,91000,91000,91000,209000,183100,149350,168300,127800,127800,209000,209000,142600,91000,91000,91000,168300,127800,127800,209000,209000,142600,91000,91000,91000,209000,183100,149350,209000,135200,135200
5.231e+08,1,1,0,-1,1,0,.9690768,10,10,2,3,8,6,10,5,9,5,2,2,2,1,2,2,2,2,2,51,49,1,40,0,0,0,0,0,40,40,0,24,0,0,40,40,0,0,0,0,24,0,0,40,40,0,0,0,0,40,40,0,40,0,0,45,45,0,45,0,0,45,45,0,45,0,0,45,45,0,45,0,0,45,0,0,45,45,0,45,0,0,45,45,0,45,45,0,200000,161000,140000,122000,80000,80000,200000,200000,139000,200000,106000,106000,200000,200000,142500,122000,80000,80000,200000,106000,106000,200000,200000,142500,122000,80000,80000,200000,200000,139000,200000,161000,129500
5.236e+08,2,1,0,-3,1,0,-.1590321,8,6,8,5,8,8,8,8,7,7,2,2,2,2,2,2,1,1,2,52,47,1,45,0,0,0,0,0,45,45,0,27,0,0,45,45,0,0,0,0,27,0,0,45,45,0,0,0,0,45,45,0,45,0,0,45,45,0,45,45,0,45,45,0,45,45,0,45,45,0,45,45,0,45,45,0,45,45,0,45,45,0,45,45,0,45,45,0,85000,85000,51000,85000,85000,34000,85000,85000,46750,85000,85000,51000,85000,85000,38250,85000,85000,34000,85000,85000,51000,85000,85000,38250,85000,85000,34000,85000,85000,46750,85000,85000,34000
5.245e+08,3,0,1,6,0,0,.1361322,5,5,4,4,99,4,3,3,7,7,1,1,1,1,2,1,1,1,1,53,56,1,40,0,0,0,0,0,40,40,0,24,0,0,40,40,0,0,0,0,24,0,0,40,40,0,0,0,0,40,40,0,40,0,0,40,0,0,0,0,0,0,0,0,0,0,0,24,0,0,0,0,0,0,0,0,24,0,0,0,0,0,0,0,0,0,0,0,123000,92500,92500,64200,64200,64200,103800,103800,92000,84600,55100,55100,123000,103800,86100,64200,64200,64200,84600,55100,55100,123000,103800,86100,64200,64200,64200,103800,103800,92000,97400,70850,70850
5.247e+08,4,1,0,5,1,0,.5554243,4,1,3,3,4,2,7,2,3,1,2,1,2,2,2,2,2,2,2,54,55,1,45,0,0,0,0,0,45,45,0,27,0,0,45,45,0,0,0,0,27,0,0,45,45,0,0,0,0,45,45,0,45,0,0,40,40,0,0,0,0,40,0,0,0,0,0,40,24,0,0,0,0,0,0,0,40,24,0,0,0,0,40,0,0,40,0,0,155000,122000,110750,66500,66500,66500,155000,141500,97500,130250,97250,97250,155000,155000,116250,66500,66500,66500,130250,97250,97250,155000,155000,116250,66500,66500,66500,155000,141500,97500,155000,77500,77500
5.255e+08,5,1,0,3,0,0,.0195541,5,3,3,3,5,5,8,8,5,5,2,2,2,1,2,2,1,1,1,55,53,1,48,0,0,0,0,0,48,48,0,28.8,0,0,48,48,0,0,0,0,28.8,0,0,48,48,0,0,0,0,48,48,0,48,0,0,1,1,0,1,0,0,1,1,0,1,0,0,1,1,0,1,0,0,1,0,0,1,1,0,1,0,0,1,1,0,1,1,0,34000,22100,22100,17000,17000,17000,34000,34000,23800,34000,20400,20400,34000,34000,25500,17000,17000,17000,34000,20400,20400,34000,34000,25500,17000,17000,17000,34000,34000,23800,34000,20400,20400
5.259e+08,2,0,0,-7,0,0,.3637255,6,4,6,4,4,4,8,4,5,4,2,1,1,2,2,2,2,2,2,52,43,1,40,0,0,0,0,0,40,40,0,24,0,0,40,40,0,0,0,0,24,0,0,40,40,0,0,0,0,40,40,0,40,0,0,48,48,48,48,48,48,48,48,48,48,48,48,48,48,48,48,48,48,48,48,48,48,48,48,48,48,48,48,48,48,48,48,48,80000,60000,60000,55000,55000,55000,80000,80000,60000,80000,65000,65000,80000,80000,72500,55000,55000,55000,80000,65000,65000,80000,80000,72500,55000,55000,55000,80000,80000,60000,80000,60000,60000
5.259e+08,4,1,0,-1,1,0,.5947347,5,5,4,3,6,5,4,4,3,5,1,2,2,1,1,1,2,2,2,54,49,1,40,0,0,0,0,0,40,40,0,24,0,0,40,40,0,0,0,0,24,0,0,40,40,0,0,0,0,40,40,0,40,0,0,40,40,0,40,40,0,40,40,0,40,40,0,40,40,0,40,40,0,40,40,0,40,40,0,40,40,0,40,40,0,40,40,0,274315.8,188949.5,158499.5,167607.9,167607.9,134112.9,274315.8,274315.8,196601.8,274315.8,188949.5,155454.5,274315.8,274315.8,184421.8,167607.9,167607.9,134112.9,274315.8,188949.5,155454.5,274315.8,274315.8,184421.8,167607.9,167607.9,134112.9,274315.8,274315.8,196601.8,274315.8,199620.3,166125.3
5.260e+08,-1,0,1,2,1,0,.9862831,5,2,4,1,2,5,1,1,1,3,1,2,1,2,2,2,2,2,2,49,52,1,40,0,0,0,0,0,40,40,0,24,0,0,40,40,0,0,0,0,24,0,0,40,40,0,0,0,0,40,40,0,40,0,0,40,0,0,0,0,0,0,0,0,0,0,0,24,0,0,0,0,0,0,0,0,24,0,0,0,0,0,0,0,0,0,0,0,112000,75200,75200,56000,56000,56000,96000,96000,64000,94400,66400,66400,112000,99200,91200,56000,56000,56000,94400,66400,66400,112000,99200,91200,56000,56000,56000,96000,96000,64000,97600,69600,69600
5.261e+08,3,1,0,3,0,0,1.098612,7,3,4,4,6,4,8,6,7,3,2,2,2,1,2,1,2,2,2,53,53,1,40,0,0,0,0,0,40,40,0,24,0,0,40,40,0,0,0,0,24,0,0,40,40,0,0,0,0,40,40,0,40,0,0,30,30,0,0,0,0,30,0,0,0,0,0,30,30,0,0,0,0,0,0,0,30,30,0,0,0,0,30,0,0,30,0,0,178000,100000,91200,81200,81200,81200,178000,170300,107900,169200,99000,99000,178000,178000,145800,81200,81200,81200,169200,99000,99000,178000,178000,145800,81200,81200,81200,178000,170300,107900,178000,90100,90100
5.261e+08,3,1,1,6,0,0,-.0158733,10,10,10,10,10,10,10,10,8,10,1,1,1,2,1,2,2,2,2,53,56,1,22,0,0,0,0,0,22,22,0,22,0,0,22,22,0,0,0,0,22,0,0,22,22,0,0,0,0,22,22,0,22,0,0,20,0,0,0,0,0,0,0,0,0,0,0,20,0,0,0,0,0,0,0,0,20,0,0,0,0,0,0,0,0,0,0,0,20000,13500,13500,11000,11000,11000,17000,17000,13500,14500,11500,11500,20000,17500,15000,11000,11000,11000,14500,11500,11500,20000,17500,15000,11000,11000,11000,17000,17000,13500,17000,14000,14000
5.263e+08,3,0,0,-4,0,0,.0173496,5,5,5,5,5,5,5,5,5,5,1,1,1,2,1,1,2,1,2,53,46,1,50,0,0,0,0,0,50,50,0,30,0,0,50,50,0,0,0,0,30,0,0,50,50,0,0,0,0,50,50,0,50,0,0,38,38,38,38,38,38,38,38,38,38,38,38,38,38,38,38,38,38,38,38,38,38,38,38,38,38,38,38,38,38,38,38,38,95000,77500,77500,65000,65000,65000,95000,95000,85000,95000,80000,80000,95000,95000,82500,65000,65000,65000,95000,80000,80000,95000,95000,82500,65000,65000,65000,95000,95000,85000,95000,80000,80000
5.264e+08,5,0,0,7,0,0,.515159,10,7,10,10,5,10,5,10,5,1,2,1,2,1,1,1,2,2,2,55,57,1,40,0,0,0,0,0,40,40,0,24,0,0,40,40,0,0,0,0,24,0,0,40,40,0,0,0,0,40,40,0,40,0,0,40,40,0,0,0,0,40,0,0,0,0,0,40,24,0,0,0,0,0,0,0,40,24,0,0,0,0,40,0,0,40,0,0,103000,80250,72650,43100,43100,43100,103000,87800,68300,82100,59350,59350,103000,103000,88900,43100,43100,43100,82100,59350,59350,103000,103000,88900,43100,43100,43100,103000,87800,68300,103000,53400,53400
5.266e+08,1,1,0,0,1,0,-.0800427,5,5,5,5,5,5,5,5,5,5,1,1,1,1,1,1,1,1,9,51,50,1,50,0,0,0,0,0,50,50,0,30,0,0,50,50,0,0,0,0,30,0,0,50,50,0,0,0,0,50,50,0,50,0,0,45,45,0,45,0,0,45,45,0,45,0,0,45,45,0,45,0,0,45,0,0,45,45,0,45,0,0,45,45,0,45,45,0,215000,147500,128000,147500,111750,111750,215000,215000,122500,215000,122500,122500,215000,215000,159000,147500,111750,111750,215000,122500,122500,215000,215000,159000,147500,111750,111750,215000,215000,122500,215000,140000,114000
5.268e+08,7,1,0,5,1,0,-.0307716,7,3,10,6,8,8,9,4,9,9,2,1,2,1,1,1,1,1,1,57,55,1,45,0,0,0,0,0,45,45,0,27,0,0,45,45,0,0,0,0,27,0,0,45,45,0,0,0,0,45,45,0,45,0,0,25,25,0,25,0,0,25,25,0,25,0,0,25,25,0,25,0,0,25,0,0,25,25,0,25,0,0,25,25,0,25,25,0,134000,102000,85800,102000,80400,80400,134000,134000,97800,134000,81700,81700,134000,134000,107100,102000,80400,80400,134000,81700,81700,134000,134000,107100,102000,80400,80400,134000,134000,97800,134000,98000,79100
5.269e+08,2,1,0,-1,0,0,.8998602,5,5,1,1,7,3,5,5,8,8,2,1,2,1,2,1,1,2,1,52,49,1,42,0,0,0,0,0,42,42,0,25.2,0,0,42,42,0,0,0,0,25.2,0,0,42,42,0,0,0,0,42,42,0,42,0,0,40,40,0,40,0,0,40,40,0,40,0,0,40,40,0,40,0,0,40,0,0,40,40,0,40,0,0,40,40,0,40,40,0,140000,97250,81500,92500,67750,67750,140000,140000,88500,140000,86750,86750,140000,140000,96000,92500,67750,67750,140000,86750,86750,140000,140000,96000,92500,67750,67750,140000,140000,88500,140000,92500,72250
5.271e+08,4,0,0,4,0,0,.87707,7,3,8,8,4,7,6,6,6,8,2,1,1,1,1,1,2,1,1,54,54,1,40,0,0,0,0,0,40,40,0,24,0,0,40,40,0,0,0,0,24,0,0,40,40,0,0,0,0,40,40,0,40,0,0,25,25,0,0,0,0,25,0,0,0,0,0,25,25,0,0,0,0,0,0,0,25,25,0,0,0,0,25,0,0,25,0,0,168000,99000,90000,85500,85500,85500,168000,159000,124500,154500,85500,85500,168000,168000,131400,85500,85500,85500,154500,85500,85500,168000,168000,131400,85500,85500,85500,168000,159000,124500,168000,102300,102300
5.271e+08,5,0,0,6,0,0,-.4979916,10,3,3,9,10,3,2,10,10,5,1,2,1,1,2,1,1,2,1,55,56,1,40,0,0,0,0,0,40,40,0,24,0,0,40,40,0,0,0,0,24,0,0,40,40,0,0,0,0,40,40,0,40,0,0,40,40,0,0,0,0,40,0,0,0,0,0,40,24,0,0,0,0,0,0,0,40,24,0,0,0,0,40,0,0,40,0,0,83000,61000,54000,45650,45650,45650,83000,73200,53950,70400,42900,42900,83000,83000,67750,45650,45650,45650,70400,42900,42900,83000,83000,67750,45650,45650,45650,83000,73200,53950,83000,45650,45650
5.272e+08,6,0,0,3,0,0,.8732139,6,6,5,5,5,5,6,6,5,5,2,1,2,2,2,2,2,2,2,56,53,1,40,0,0,0,0,0,40,40,0,24,0,0,40,40,0,0,0,0,24,0,0,40,40,0,0,0,0,40,40,0,40,0,0,40,40,0,40,0,0,40,40,0,40,0,0,40,40,0,40,0,0,40,0,0,40,40,0,40,0,0,40,40,0,40,40,0,167000,108950,93750,102500,85400,85400,167000,167000,126000,167000,86150,86150,167000,167000,128650,102500,85400,85400,167000,86150,86150,167000,167000,128650,102500,85400,85400,167000,167000,126000,167000,128300,115000
5.276e+08,7,1,0,3,1,0,-.4009505,5,4,3,7,4,6,4,8,6,7,1,1,2,1,1,1,9,9,9,57,53,1,40,0,0,0,0,0,40,40,0,24,0,0,40,40,0,0,0,0,24,0,0,40,40,0,0,0,0,40,40,0,40,0,0,40,40,0,40,40,0,40,40,0,40,40,0,40,40,0,40,40,0,40,40,0,40,40,0,40,40,0,40,40,0,40,40,0,80000,69500,42000,68000,68000,43000,80000,80000,51500,80000,68000,38000,80000,80000,47500,68000,68000,43000,80000,68000,38000,80000,80000,47500,68000,68000,43000,80000,80000,51500,80000,68000,38000
5.276e+08,10,1,0,8,0,1,-.3673697,4,1,8,1,10,10,9,10,7,5,2,1,2,1,2,1,1,1,1,60,58,1,38,0,0,0,0,0,38,38,0,22.8,0,0,38,38,0,0,0,0,22.8,0,0,38,38,0,0,0,0,38,38,0,38,0,0,35,35,0,35,0,0,35,35,0,35,0,0,35,35,0,35,0,0,35,0,0,35,35,0,35,0,0,35,35,0,35,35,0,191000,167900,130400,151400,88900,88900,191000,191000,127800,191000,95500,95500,191000,191000,133700,151400,88900,88900,191000,95500,95500,191000,191000,133700,151400,88900,88900,191000,191000,127800,191000,161300,123800
5.277e+08,2,0,0,2,0,0,1.098612,6,5,5,5,7,6,5,5,7,7,1,1,1,1,9,1,2,2,2,52,52,1,50,0,0,0,0,0,50,50,0,30,0,0,50,50,0,0,0,0,30,0,0,50,50,0,0,0,0,50,50,0,50,0,0,30,30,0,0,0,0,30,0,0,0,0,0,30,30,0,0,0,0,0,0,0,30,30,0,0,0,0,30,0,0,30,0,0,16000,16000,12000,8000,8000,8000,16000,8000,8000,7200,7200,7200,16000,16000,12800,8000,8000,8000,7200,7200,7200,16000,16000,12800,8000,8000,8000,16000,8000,8000,16000,11200,11200
5.277e+08,5,1,0,6,1,0,1.098612,2,99,5,99,2,99,5,99,4,99,1,9,9,2,9,9,2,9,9,55,56,1,40,0,0,0,0,0,40,40,0,24,0,0,40,40,0,0,0,0,24,0,0,40,40,0,0,0,0,40,40,0,40,0,0,36,36,0,0,0,0,36,0,0,0,0,0,36,21.6,0,0,0,0,0,0,0,36,21.6,0,0,0,0,36,0,0,36,0,0,357000,249550,234550,209200,209200,209200,357000,339500,247400,334500,196350,196350,357000,357000,311300,209200,209200,209200,334500,196350,196350,357000,357000,311300,209200,209200,209200,357000,339500,247400,357000,249900,249900
5.277e+08,3,0,0,3,0,1,.3877031,5,1,4,3,7,5,7,6,9,9,2,1,2,1,2,1,1,2,1,53,53,1,50,0,0,0,0,0,50,50,0,30,0,0,50,50,0,0,0,0,30,0,0,50,50,0,0,0,0,50,50,0,50,0,0,20,20,0,0,0,0,20,0,0,0,0,0,20,20,0,0,0,0,0,0,0,20,20,0,0,0,0,20,0,0,20,0,0,51000,30000,26400,22950,22950,22950,51000,46500,31800,47400,26400,26400,51000,51000,39900,22950,22950,22950,47400,26400,26400,51000,51000,39900,22950,22950,22950,51000,46500,31800,51000,28500,28500
5.285e+08,-2,0,1,4,1,0,-.5643143,5,4,4,4,4,4,5,5,3,3,2,1,2,1,2,2,1,2,2,48,54,1,35,0,0,0,0,0,35,35,0,35,0,0,35,35,0,0,0,0,35,0,0,35,35,0,0,0,0,35,35,0,35,0,0,0,0,0,0,0,0,0,0,0,0,0,0,0,0,0,0,0,0,0,0,0,0,0,0,0,0,0,0,0,0,0,0,0,80900,63900,63900,48850,48850,48850,80900,80900,67300,67500,50500,50500,84250,84250,77450,48850,48850,48850,67500,50500,50500,84250,84250,77450,48850,48850,48850,80900,80900,67300,80900,70700,70700
5.287e+08,4,0,0,4,0,0,.0320068,8,6,1,1,7,8,1,99,10,9,1,1,1,9,9,2,2,2,2,54,54,1,60,0,0,0,0,0,60,60,0,36,0,0,60,60,0,0,0,0,36,0,0,60,60,0,0,0,0,60,60,0,60,0,0,40,40,0,0,0,0,40,0,0,0,0,0,40,24,0,0,0,0,0,0,0,40,24,0,0,0,0,40,0,0,40,0,0,114831,94031.7,80381.7,64348.6,64348.6,64348.6,114831,92081,64348.6,89806,55140.5,55140.5,114831,114831,79298.25,64348.6,64348.6,64348.6,89806,55140.5,55140.5,114831,114831,79298.25,64348.6,64348.6,64348.6,114831,92081,64348.6,114831,76915.15,76915.15
5.287e+08,4,1,0,3,1,0,-.0357891,6,3,7,5,8,3,3,1,9,2,2,1,1,2,1,2,2,2,2,54,53,1,40,0,0,0,0,0,40,40,0,24,0,0,40,40,0,0,0,0,24,0,0,40,40,0,0,0,0,40,40,0,40,0,0,40,40,0,40,0,0,40,40,0,40,0,0,40,40,0,40,0,0,40,0,0,40,40,0,40,0,0,40,40,0,40,40,0,125000,102250,81250,86000,59000,59000,125000,125000,75000,125000,66000,66000,125000,125000,81500,86000,59000,59000,125000,66000,66000,125000,125000,81500,86000,59000,59000,125000,125000,75000,125000,105500,78500
5.289e+08,-4,1,0,1,1,0,.4459294,5,1,5,1,7,5,8,6,6,1,2,2,2,1,2,2,2,2,2,46,51,1,40,0,0,0,0,0,40,40,0,24,0,0,40,40,0,0,0,0,24,0,0,40,40,0,0,0,0,40,40,0,40,0,0,21,0,0,0,0,0,0,0,0,0,0,0,21,0,0,0,0,0,0,0,0,21,0,0,0,0,0,0,0,0,0,0,0,222000,147900,147900,129600,129600,129600,186000,186000,126000,186000,133500,133500,222000,200400,162900,129600,129600,129600,186000,133500,133500,222000,200400,162900,129600,129600,129600,186000,186000,126000,200400,132900,132900
5.292e+08,4,0,0,4,1,0,.8802803,4,99,6,6,7,7,4,4,7,7,1,1,1,2,2,2,1,2,1,54,54,1,40,0,0,0,0,0,40,40,0,24,0,0,40,40,0,0,0,0,24,0,0,40,40,0,0,0,0,40,40,0,40,0,0,40,40,0,0,0,0,40,0,0,0,0,0,40,24,0,0,0,0,0,0,0,40,24,0,0,0,0,40,0,0,40,0,0,53000,37250,30050,26450,26450,26450,53000,46700,36200,42200,28200,28200,53000,53000,40600,26450,26450,26450,42200,28200,28200,53000,53000,40600,26450,26450,26450,53000,46700,36200,53000,32700,32700
5.295e+08,6,1,0,-2,1,0,.2094929,10,10,10,10,10,10,10,10,10,10,2,1,1,1,1,2,1,1,1,56,48,1,65,0,0,0,0,0,65,65,0,39,0,0,65,65,0,0,0,0,39,0,0,65,65,0,0,0,0,65,65,0,65,0,0,45,45,45,45,45,45,45,45,45,45,45,45,45,45,45,45,45,45,45,45,45,45,45,45,45,45,45,45,45,45,45,45,45,215000,147000,147000,121500,121500,121500,215000,215000,155500,215000,130000,130000,215000,215000,198000,121500,121500,121500,215000,130000,130000,215000,215000,198000,121500,121500,121500,215000,215000,155500,215000,147000,147000
5.295e+08,5,1,0,1,1,0,1.098612,10,10,10,5,2,8,10,7,3,5,1,2,2,2,1,2,1,2,1,55,51,1,45,0,0,0,0,0,45,45,0,27,0,0,45,45,0,0,0,0,27,0,0,45,45,0,0,0,0,45,45,0,45,0,0,12,12,0,12,12,0,12,12,0,12,12,0,12,12,0,12,12,0,12,12,0,12,12,0,12,12,0,12,12,0,12,12,0,12000,12000,6000,12000,12000,4800,12000,12000,6600,12000,12000,6600,12000,12000,5400,12000,12000,4800,12000,12000,6600,12000,12000,5400,12000,12000,4800,12000,12000,6600,12000,12000,7200
5.295e+08,6,0,0,5,0,0,1.098612,6,2,1,5,7,6,10,10,7,6,2,2,2,1,2,1,1,1,1,56,55,1,40,0,0,0,0,0,40,40,0,24,0,0,40,40,0,0,0,0,24,0,0,40,40,0,0,0,0,40,40,0,40,0,0,40,40,0,40,0,0,40,40,0,40,0,0,40,40,0,40,0,0,40,0,0,40,40,0,40,0,0,40,40,0,40,40,0,141000,94200,82200,70800,57600,57600,141000,141000,100950,141000,83400,83400,141000,141000,93900,70800,57600,57600,141000,83400,83400,141000,141000,93900,70800,57600,57600,141000,141000,100950,141000,100050,90450
5.296e+08,-4,0,0,6,0,0,.7886211,6,6,3,3,6,6,5,5,5,5,2,2,2,9,1,1,2,2,2,46,56,1,40,0,0,0,0,0,40,40,0,24,0,0,40,40,0,0,0,0,24,0,0,40,40,0,0,0,0,40,40,0,40,0,0,0,0,0,0,0,0,0,0,0,0,0,0,0,0,0,0,0,0,0,0,0,0,0,0,0,0,0,0,0,0,0,0,0,80000,57500,57500,42500,42500,42500,82500,82500,65000,72500,57500,57500,85000,85000,77500,42500,42500,42500,72500,57500,57500,85000,85000,77500,42500,42500,42500,82500,82500,65000,75000,60000,60000
5.296e+08,6,0,0,1,0,0,.2311117,1,10,1,10,1,10,10,10,8,10,2,1,1,2,1,2,2,2,1,56,51,1,65,0,0,0,0,0,65,65,0,39,0,0,65,65,0,0,0,0,39,0,0,65,65,0,0,0,0,65,65,0,65,0,0,37,37,0,37,37,0,37,37,0,37,37,0,37,37,0,37,37,0,37,37,0,37,37,0,37,37,0,37,37,0,37,37,0,58200,39660,32010,41720,41720,33220,58200,58200,38550,58200,45840,36490,58200,58200,43160,41720,41720,33220,58200,45840,36490,58200,58200,43160,41720,41720,33220,58200,58200,38550,58200,43780,35280
5.297e+08,3,1,0,1,1,0,1.098612,6,4,2,1,9,7,6,6,10,6,2,2,2,1,2,1,1,1,1,53,51,1,40,0,0,0,0,0,40,40,0,24,0,0,40,40,0,0,0,0,24,0,0,40,40,0,0,0,0,40,40,0,40,0,0,25,25,0,25,0,0,25,25,0,25,0,0,25,25,0,25,0,0,25,0,0,25,25,0,25,0,0,25,25,0,25,25,0,100000,55000,55000,40000,40000,40000,100000,100000,80000,100000,65000,65000,100000,100000,90000,40000,40000,40000,100000,65000,65000,100000,100000,90000,40000,40000,40000,100000,100000,80000,100000,55000,55000
5.297e+08,5,0,0,4,0,0,-.3877655,5,5,5,5,5,5,5,5,99,99,9,9,9,9,9,9,1,2,2,55,54,1,28,0,0,0,0,0,28,28,0,28,0,0,28,28,0,0,0,0,28,0,0,28,28,0,0,0,0,28,28,0,28,0,0,40,40,0,40,0,0,40,40,0,40,0,0,40,40,0,40,0,0,40,0,0,40,40,0,40,0,0,40,40,0,40,40,0,95160,79560,62712,79560,54288,54288,95160,95160,53430,95160,45864,45864,95160,95160,70512,79560,54288,54288,95160,45864,45864,95160,95160,70512,79560,54288,54288,95160,95160,53430,95160,79560,57096
9.015e+08,12,0,1,0,0,1,.6580558,10,3,1,3,1,3,1,3,1,3,2,1,2,2,1,2,2,1,2,62,50,1,45,0,0,0,0,0,45,45,0,27,0,0,45,45,0,0,0,0,27,0,0,45,45,0,0,0,0,45,45,0,45,0,0,30,30,30,30,30,30,30,30,30,30,30,30,30,30,30,30,30,30,30,30,30,30,30,30,30,30,30,30,30,30,30,30,30,37000,27400,27400,22600,22600,22600,37000,37000,32200,37000,27400,27400,37000,37000,32200,22600,22600,22600,37000,27400,27400,37000,37000,32200,22600,22600,22600,37000,37000,32200,37000,26200,26200
9.059e+08,4,0,0,5,1,0,.1334733,1,1,5,3,6,4,10,7,3,1,2,9,9,2,2,2,2,2,2,54,55,1,45,0,0,0,0,0,45,45,0,27,0,0,45,45,0,0,0,0,27,0,0,45,45,0,0,0,0,45,45,0,45,0,0,60,60,0,0,0,0,60,0,0,0,0,0,60,36,0,0,0,0,0,0,0,60,36,0,0,0,0,60,0,0,60,0,0,82000,82000,61500,41000,41000,41000,82000,41000,41000,45100,45100,45100,82000,82000,57400,41000,41000,41000,45100,45100,45100,82000,82000,57400,41000,41000,41000,82000,41000,41000,82000,57400,57400
9.084e+08,0,0,0,6,1,0,-.3792956,4,4,2,2,1,1,9,9,3,4,2,1,2,2,1,1,2,2,2,50,56,1,50,0,0,0,0,0,50,50,0,30,0,0,50,50,0,0,0,0,30,0,0,50,50,0,0,0,0,50,50,0,50,0,0,0,0,0,0,0,0,0,0,0,0,0,0,0,0,0,0,0,0,0,0,0,0,0,0,0,0,0,0,0,0,0,0,0,258293.4,166176,166176,144661.3,144661.3,144661.3,250293.4,250293.4,204234.7,246293.4,131146.7,131146.7,260293.4,260293.4,214234.7,144661.3,144661.3,144661.3,246293.4,131146.7,131146.7,260293.4,260293.4,214234.7,144661.3,144661.3,144661.3,250293.4,250293.4,204234.7,250293.4,158176,158176
9.187e+08,5,0,0,2,0,0,-.0953102,5,5,3,4,2,3,5,5,3,4,2,2,2,1,1,1,2,1,1,55,52,1,40,0,0,0,0,0,40,40,0,24,0,0,40,40,0,0,0,0,24,0,0,40,40,0,0,0,0,40,40,0,40,0,0,32,32,0,32,0,0,32,32,0,32,0,0,32,32,0,32,0,0,32,0,0,32,32,0,32,0,0,32,32,0,32,32,0,25425,24225,16376.25,23625,13533.75,13533.75,25425,25425,17497.5,25425,14133.75,14133.75,25425,25425,17126.25,23625,13533.75,13533.75,25425,14133.75,14133.75,25425,25425,17126.25,23625,13533.75,13533.75,25425,25425,17497.5,25425,24225,16376.25
